date,open,high,close,low,volume,price_change,p_change,ma5,ma10,ma20,v_ma5,v_ma10,v_ma20,turnover
2018-02-22,52.65,54.88,54.58,52.65,125756.19,2.64,5.08,52.394,56.338,58.325,163365.7,180870.21,243285.04,0.6
2018-02-14,52.42,52.6,51.92,51.15,94938.75,-0.31,-0.59,52.832,56.944,58.785,177916.44,188829.59,254593.96,0.46
2018-02-13,52.0,53.54,52.23,52.0,154487.91,0.68,1.32,54.284,57.764,59.523,194175.53,199218.85,260425.33,0.74
2018-02-12,51.9,52.15,51.58,49.5,149602.83,-0.05,-0.1,56.14,58.436,60.241,200513.26,197938.29,267484.51,0.72
2018-02-09,55.0,55.0,51.66,51.09,292042.81,-5.11,-9.0,58.332,59.128,61.053,214706.87,208782.89,280725.55,1.4
2018-02-08,58.19,59.0,56.77,55.9,198509.89,-2.41,-4.07,60.282,60.022,61.714,198374.73,213854.55,277257.39,0.95
2018-02-07,61.88,62.33,59.18,57.0,176234.2,-2.31,-3.76,61.056,60.261,62.055,199742.75,224273.07,277098.61,0.85
2018-02-06,61.39,61.94,61.51,60.35,186176.59,-1.04,-1.66,61.244,60.342,62.263,204262.17,250268.82,280228.95,0.89
2018-02-05,60.6,62.8,62.54,60.36,220570.88,1.14,1.86,60.732,60.321,62.411,195363.32,275163.35,284736.56,1.06
2018-02-02,59.9,61.7,61.41,59.5,210382.09,0.8,1.32,59.924,60.144,62.469,202858.9,300197.62,295939.93,1.01
2018-02-01,60.15,60.71,60.64,59.62,205349.97,0.51,0.85,59.762,60.312,62.669,229334.37,305699.87,296849.05,0.98
2018-01-31,58.62,60.25,60.12,58.6,198831.34,1.15,1.95,59.466,60.626,62.977,248803.39,320358.33,299759.73,0.95
2018-01-30,58.14,59.33,58.95,57.8,141682.31,0.47,0.8,59.44,61.282,63.385,296275.46,321631.82,300435.49,0.68
2018-01-29,60.66,60.85,58.5,58.35,258048.78,-2.0,-3.31,59.91,62.046,63.982,354963.38,337030.72,300369.57,1.24
2018-01-26,59.0,61.26,60.6,58.99,342759.47,1.45,2.45,60.364,62.978,64.567,397536.34,352668.21,292600.51,1.64
2018-01-25,59.86,59.86,59.16,58.33,302695.03,-0.8,-1.33,60.862,63.407,65.016,382065.36,340660.22,282367.17,1.45
2018-01-24,61.53,61.88,59.99,59.3,436191.69,-1.3,-2.12,61.786,63.849,65.45,391913.27,329924.14,273149.66,2.09
2018-01-23,60.77,62.57,61.3,60.76,435121.94,0.56,0.92,63.124,64.184,66.0,346988.18,310189.09,261539.26,2.09
2018-01-22,62.89,63.36,60.77,60.3,470913.59,-2.3,-3.65,64.182,64.501,66.288,319098.06,294309.77,247962.67,2.26
2018-01-19,63.82,63.98,63.09,62.49,265404.53,-0.69,-1.08,65.592,64.794,66.625,307800.07,291682.24,228987.94,1.27
2018-01-18,66.98,67.56,63.78,63.52,351934.62,-2.85,-4.28,65.952,65.025,66.902,299255.09,287998.24,222137.96,1.69
2018-01-17,66.28,68.16,66.68,65.9,211566.2,0.11,0.17,65.912,65.328,67.138,267935.01,279161.13,212993.5,1.01
2018-01-16,67.9,68.96,66.59,66.46,295671.38,-1.26,-1.86,65.244,65.487,67.209,273390.01,279239.17,215433.92,1.42
2018-01-15,64.98,68.0,67.82,64.97,414423.62,2.94,4.53,64.82,65.918,67.073,269521.47,263708.41,203648.35,1.99
2018-01-12,63.6,64.98,64.89,63.03,222679.62,1.27,2.0,63.996,66.155,66.859,275564.41,232532.8,189412.42,1.07
2018-01-11,62.8,64.38,63.58,62.45,195334.25,0.23,0.36,64.098,66.624,66.739,276741.39,224074.11,182833.85,0.94
2018-01-10,64.2,64.2,63.34,62.5,238841.19,-1.14,-1.77,64.744,67.051,66.747,290387.25,216375.17,179537.65,1.15
2018-01-09,63.5,65.05,64.47,63.05,276328.69,0.76,1.19,65.73,67.815,66.778,285088.33,212889.43,172552.94,1.33
2018-01-08,64.97,64.97,63.7,62.32,444638.28,-1.68,-2.57,67.016,68.076,66.843,257895.36,201615.57,166600.78,2.13
2018-01-05,66.78,67.04,65.4,65.0,228564.52,-1.41,-2.11,68.314,68.457,66.867,189501.2,166293.64,152929.48,1.1
2018-01-04,68.25,68.44,66.81,66.1,263563.59,-1.47,-2.15,69.15,68.779,66.749,171406.84,156277.68,150804.65,1.26
2018-01-03,70.65,70.88,68.27,67.55,212346.55,-2.63,-3.71,69.358,68.948,66.669,142363.08,146825.87,146640.86,1.02
2018-01-02,70.21,71.82,70.9,68.97,140363.84,0.7,1.0,69.9,68.932,66.573,140690.53,151628.67,148124.7,0.67
2017-12-29,69.7,71.0,70.19,68.2,102667.5,0.63,0.91,69.136,68.227,66.258,145335.78,143588.28,151964.71,0.49
2017-12-28,67.76,70.44,69.58,66.4,138092.73,1.82,2.69,68.6,67.563,65.86,143086.07,146292.04,155710.59,0.66
2017-12-27,70.01,70.28,67.85,67.45,118344.78,-3.13,-4.41,68.408,66.854,65.506,141148.52,141593.59,157115.51,0.57
2017-12-26,67.45,71.35,70.98,66.8,203983.78,3.88,5.78,68.538,66.443,65.332,151288.66,142700.14,158930.3,0.98
2017-12-25,67.68,69.6,67.08,66.28,163590.12,-0.43,-0.64,67.964,65.741,64.967,162566.81,132216.46,155409.81,0.78
2017-12-22,68.31,68.82,67.51,67.2,91418.94,-1.02,-1.49,67.318,65.609,64.828,141840.78,131585.98,155855.37,0.44
2017-12-21,68.2,69.7,68.62,67.71,128404.96,0.13,0.19,66.526,65.276,64.74,149498.01,139565.32,160111.4,0.62
2017-12-20,67.88,68.6,68.5,67.37,169045.48,0.4,0.59,65.3,64.719,64.629,142038.66,145331.62,162622.79,0.81
2017-12-19,63.5,68.68,68.11,63.4,260374.55,4.28,6.71,64.348,64.39,64.663,134111.63,146455.84,163201.81,1.25
2017-12-18,62.98,64.4,63.85,62.71,59959.97,0.34,0.54,63.518,64.214,64.814,101866.12,144620.73,161019.74,0.29
2017-12-15,62.16,64.12,63.55,62.16,129705.07,1.05,1.68,63.9,64.289,65.164,121331.18,160341.14,167210.85,0.62
2017-12-14,63.7,63.74,62.49,62.35,91108.25,-1.23,-1.93,64.026,64.158,65.572,129632.64,165129.14,172110.02,0.44
2017-12-13,63.25,63.9,63.74,62.36,129410.3,-0.27,-0.42,64.138,64.158,65.955,148624.58,172637.42,178614.17,0.62
2017-12-12,65.19,65.65,63.96,63.91,99146.99,-1.75,-2.66,64.432,64.22,66.182,158800.06,175160.46,181520.65,0.48
2017-12-11,63.98,65.95,65.76,63.1,157285.31,1.58,2.46,64.91,64.192,66.503,187375.35,178603.16,188438.21,0.75
2017-12-08,62.73,64.57,64.18,62.0,171212.34,1.14,1.81,64.678,64.046,66.589,199351.11,180124.76,191002.85,0.82
2017-12-07,64.9,64.9,63.05,62.2,186067.95,-2.11,-3.24,64.29,64.203,66.751,200625.63,180657.48,201298.64,0.89
2017-12-06,65.5,65.99,65.21,62.84,180287.69,-1.16,-1.75,64.178,64.539,66.691,196650.27,179913.97,197127.3,0.86
2017-12-05,63.83,66.55,66.35,63.76,242023.47,1.68,2.6,64.008,64.936,66.5,191520.86,179947.78,198385.56,1.16
2017-12-04,61.89,64.96,64.6,61.85,217164.08,2.42,3.89,63.474,65.414,66.306,169830.97,177418.75,195763.22,1.04
2017-12-01,62.33,64.26,62.24,61.84,177584.98,-0.24,-0.38,63.414,66.038,66.154,160898.42,174080.56,191745.49,0.85
2017-11-30,63.55,63.6,62.49,61.8,166191.11,-1.85,-2.88,64.116,66.986,66.189,160689.33,179090.91,189807.03,0.8
2017-11-29,64.08,65.5,64.36,62.81,154640.64,0.63,0.99,64.9,67.752,66.242,163177.67,184590.91,188147.01,0.74
2017-11-28,63.95,64.73,63.68,62.7,133574.02,-0.58,-0.9,65.864,68.144,66.187,168374.71,187880.84,189822.75,0.64
2017-11-27,65.0,65.4,64.3,62.8,172501.34,-1.42,-2.16,67.354,68.813,66.2,185006.53,198273.26,189763.32,0.83
2017-11-24,66.18,66.3,65.75,64.2,176539.55,-0.62,-0.93,68.662,69.131,66.193,187262.7,201880.94,191560.36,0.85
2017-11-23,69.27,69.52,66.41,65.4,178632.78,-2.83,-4.09,69.856,69.298,65.947,197492.49,221939.8,191141.57,0.86
2017-11-22,71.8,73.05,69.18,68.45,180625.84,-1.87,-2.63,70.604,68.842,65.639,206004.15,214340.64,190422.46,0.87
2017-11-21,70.0,72.68,71.13,69.57,216733.12,0.31,0.44,70.424,68.064,65.164,207386.98,216823.33,185223.47,1.04
2017-11-20,70.27,72.58,70.84,68.95,183782.2,-0.88,-1.23,70.272,67.198,64.598,211540.0,214107.7,180946.35,0.88
2017-11-17,69.59,72.6,71.72,68.94,227688.52,1.62,2.31,69.6,66.269,63.99,216499.18,209410.42,174970.35,1.09
2017-11-16,67.05,70.77,70.15,66.9,221191.09,1.89,2.77,68.74,65.392,63.313,246387.11,200523.15,167443.29,1.06
2017-11-15,69.02,70.86,68.28,67.2,187539.95,-1.99,-2.83,67.08,64.733,62.803,222677.12,191703.12,163749.81,0.9
2017-11-14,68.13,71.29,70.37,66.86,237498.23,3.05,4.53,65.704,64.231,62.369,226259.69,191764.67,162427.89,1.14
2017-11-13,67.3,68.83,67.48,66.81,208578.12,0.13,0.19,64.124,63.586,61.762,216675.41,181253.37,154578.38,1.0
2017-11-10,61.55,68.01,67.42,61.44,377128.16,5.59,9.04,62.938,63.254,61.316,202321.65,181239.78,152697.14,1.81
2017-11-09,61.0,61.87,61.85,60.75,102641.15,0.45,0.73,62.044,62.595,60.844,154659.19,160343.33,144492.79,0.49
2017-11-08,62.37,63.38,61.4,60.61,205452.77,-1.07,-1.71,62.386,62.436,60.618,160729.11,166504.28,150774.89,0.99
2017-11-07,61.36,63.95,62.47,61.05,189576.83,0.92,1.5,62.758,62.264,60.315,157269.65,153623.61,151213.23,0.91
2017-11-06,62.86,62.95,61.55,60.51,136809.34,-1.4,-2.22,63.048,61.997,59.919,145831.34,147784.99,164377.82,0.66
2017-11-03,63.45,64.0,62.95,62.06,138815.88,-0.61,-0.96,63.57,61.71,59.66,160157.9,140530.29,167656.35,0.67
2017-11-02,63.44,64.3,63.56,61.6,132990.73,0.3,0.47,63.146,61.234,59.346,166027.47,134363.43,166017.69,0.64
2017-11-01,63.15,66.25,63.26,62.81,188155.45,-0.66,-1.03,62.486,60.873,59.031,172279.46,135796.5,163997.24,0.9
2017-10-31,63.33,65.0,63.92,62.5,132385.28,-0.24,-0.37,61.77,60.507,58.755,149977.57,133091.11,160764.48,0.63
2017-10-30,61.24,64.6,64.16,61.0,208442.17,3.33,5.47,60.946,59.937,58.518,149738.64,127903.38,158895.0,1.0
2017-10-27,60.27,61.81,60.83,60.27,168163.7,0.57,0.95,59.85,59.379,58.263,120902.67,124154.5,156582.12,0.81
2017-10-26,59.43,61.6,60.26,59.2,164250.7,0.58,0.97,59.322,59.092,58.119,102699.39,128642.25,154821.32,0.79
2017-10-25,59.8,60.37,59.68,58.77,76646.0,-0.12,-0.2,59.26,58.8,57.988,99313.54,135045.5,155547.95,0.37
2017-10-24,58.4,60.77,59.8,58.06,131190.64,1.12,1.91,59.244,58.366,57.844,116204.66,148802.86,156647.54,0.63
2017-10-23,58.56,59.1,58.68,58.04,64262.31,0.49,0.84,58.928,57.841,57.715,106068.12,180970.65,158093.57,0.31
2017-10-20,59.19,59.59,58.19,58.12,77147.32,-1.76,-2.94,58.908,57.61,57.621,127406.32,194782.41,161672.0,0.37
2017-10-19,59.72,60.19,59.95,58.86,147321.45,0.35,0.59,58.862,57.458,57.556,154585.1,197671.95,166323.87,0.71
2017-10-18,58.39,59.68,59.6,57.62,161101.56,1.38,2.37,58.34,57.188,57.376,170777.45,192197.98,166782.05,0.77
2017-10-17,58.1,59.2,58.22,57.59,80507.97,-0.36,-0.61,57.488,57.002,57.239,181401.06,188437.85,166329.04,0.39
2017-10-16,58.0,59.25,58.58,57.45,170953.31,0.62,1.07,56.754,57.098,57.219,255873.17,189886.62,176941.01,0.82
2017-10-13,57.3,58.61,57.96,57.3,213041.19,0.62,1.08,56.312,57.146,57.159,262158.49,189009.74,181315.29,1.02
2017-10-12,55.05,57.5,57.34,55.01,228283.23,2.0,3.61,56.054,57.145,57.232,240758.81,181000.38,174975.19,1.09
2017-10-11,54.2,55.68,55.34,54.05,214219.58,0.79,1.45,56.036,57.175,57.33,213618.51,176050.41,169918.15,1.03
2017-10-10,56.15,56.64,54.55,53.51,452868.56,-1.82,-3.23,56.516,57.322,57.579,195474.65,164492.22,164327.25,2.17
2017-10-09,58.05,58.28,56.37,55.72,202379.88,-0.3,-0.53,57.442,57.589,57.927,123900.06,135216.49,149529.38,0.97
2017-09-29,57.24,57.4,56.67,56.55,106042.79,-0.58,-1.01,57.98,57.631,58.152,115860.99,128561.6,145138.12,0.51
2017-09-28,57.5,57.85,57.25,56.79,92581.74,-0.49,-0.85,58.236,57.654,58.333,121241.96,134975.79,150760.84,0.44
2017-09-27,58.7,58.9,57.74,57.6,123500.27,-1.44,-2.43,58.314,57.564,58.543,138482.31,141366.12,152417.87,0.59
2017-09-26,59.05,59.47,59.18,58.51,94995.62,0.12,0.2,58.128,57.475,58.758,133509.78,144220.22,156469.31,0.46
2017-09-25,57.51,59.18,59.06,57.5,162184.52,1.11,1.92,57.736,57.339,59.055,146532.93,163995.41,154701.75,0.78
2017-09-22,57.4,58.31,57.95,57.21,132947.66,0.31,0.54,57.282,57.172,59.37,141262.2,173620.83,154514.88,0.64
2017-09-21,56.7,58.08,57.64,56.22,178783.48,0.83,1.46,57.072,57.319,59.682,148709.62,168949.99,154573.3,0.86
2017-09-20,57.25,57.56,56.81,56.65,98637.63,-0.41,-0.72,56.814,57.485,59.855,144249.92,163785.89,149240.1,0.47
2017-09-19,57.02,57.85,57.22,56.75,160111.34,0.43,0.76,56.822,57.835,60.091,154930.66,164162.28,149880.02,0.77
2017-09-18,56.8,57.68,56.79,56.48,135830.91,-0.11,-0.19,56.942,58.265,60.223,181457.89,163842.26,146833.21,0.65
2017-09-15,56.42,57.42,56.9,55.5,170184.72,0.55,0.98,57.062,58.673,60.328,205979.46,161714.64,145128.15,0.82
2017-09-14,56.83,57.1,56.35,55.95,156485.02,-0.5,-0.88,57.566,59.011,60.478,189190.37,166545.89,140933.74,0.75
2017-09-13,57.79,57.79,56.85,56.61,152041.3,-0.97,-1.68,58.156,59.522,60.656,183321.86,163469.63,137486.81,0.73
2017-09-12,57.49,57.86,57.82,56.32,292747.5,0.43,0.75,58.848,60.041,60.868,173393.91,168718.41,133528.28,1.4
2017-09-11,59.4,59.6,57.39,57.36,258438.77,-2.03,-3.42,59.588,60.772,61.07,146226.63,145408.08,123804.64,1.24
2017-09-08,59.28,59.8,59.42,58.76,86239.27,0.12,0.2,60.284,61.568,61.227,117449.81,135408.92,115798.1,0.41
2017-09-07,60.4,60.5,59.3,58.98,127142.48,-1.01,-1.68,60.456,62.044,61.288,143901.42,140196.61,116864.49,0.61
2017-09-06,61.05,61.13,60.31,60.01,102401.52,-1.21,-1.97,60.888,62.226,61.35,143617.39,134694.31,114670.29,0.49
2017-09-05,60.8,61.85,61.52,60.0,156911.12,0.65,1.07,61.234,62.348,61.399,164042.91,135597.75,113268.87,0.75
2017-09-04,59.9,60.95,60.87,59.81,114554.66,0.59,0.98,61.956,62.181,61.445,144589.53,129824.16,109985.9,0.55
2017-09-01,61.5,62.67,60.28,59.86,218497.31,-1.18,-1.92,62.852,61.982,61.434,153368.03,128541.66,108138.86,1.05
2017-08-31,62.0,62.54,61.46,60.55,125722.33,-0.58,-0.94,63.632,61.945,61.451,136491.81,115321.59,102365.29,0.6
2017-08-30,64.8,65.13,62.04,61.69,204529.11,-3.09,-4.74,63.564,61.79,61.461,125771.24,111504.0,101853.92,0.98
2017-08-29,64.84,65.88,65.13,64.13,59644.26,-0.22,-0.34,63.462,61.694,61.545,107152.59,98338.15,102207.59,0.29
2017-08-28,64.36,66.86,65.35,63.86,158447.16,1.17,1.82,62.406,61.367,61.449,115058.78,102201.19,110072.37,0.76
2017-08-25,61.02,64.98,64.18,60.73,134116.19,3.06,5.01,61.112,60.885,61.055,103715.28,96187.28,110145.89,0.64
2017-08-24,61.16,62.9,61.12,60.7,72119.48,-0.41,-0.67,60.258,60.531,60.776,94151.38,93532.36,105610.82,0.35
2017-08-23,59.25,62.48,61.53,59.25,111435.87,1.68,2.81,60.016,60.474,60.686,97236.76,94646.27,105827.02,0.53
2017-08-22,58.58,60.22,59.85,58.55,99175.21,0.97,1.65,59.926,60.45,60.56,89523.72,90940.0,105887.39,0.48
2017-08-21,59.5,60.16,58.88,58.3,101729.64,-1.03,-1.72,60.328,60.708,60.562,89343.61,90147.64,104734.42,0.49
2017-08-18,59.41,60.98,59.91,59.39,86296.68,0.0,0.0,60.658,60.886,60.603,88659.28,87736.06,106190.5,0.41
2017-08-17,61.0,61.2,59.91,59.38,87546.38,-1.17,-1.92,60.804,60.956,60.581,92913.35,89408.98,107616.47,0.42
2017-08-16,61.0,61.74,61.08,60.0,72870.67,-0.78,-1.26,60.932,61.131,60.638,92055.78,92203.85,110379.42,0.35
2017-08-15,60.55,63.5,61.86,60.28,98274.66,1.33,2.2,60.974,61.396,60.631,92356.27,106077.03,114585.21,0.47
2017-08-14,60.1,61.65,60.53,58.9,98308.0,-0.11,-0.18,61.088,61.531,60.616,90951.68,117943.55,118693.92,0.47
2017-08-11,59.48,60.95,60.64,59.2,107567.02,0.09,0.15,61.114,61.224,60.611,86812.85,124104.5,123397.52,0.52
2017-08-10,61.11,61.76,60.55,59.05,83258.55,-0.26,-0.43,61.108,61.021,60.462,85904.61,117689.27,124017.32,0.4
2017-08-09,61.8,62.37,61.29,61.0,74373.14,-1.14,-1.83,61.33,60.898,60.293,92351.91,117007.77,128244.23,0.36
2017-08-08,60.27,62.89,62.43,60.05,91251.68,1.77,2.92,61.818,60.671,59.941,119797.78,120834.78,129950.77,0.44
2017-08-07,60.3,61.8,60.66,59.5,77613.86,0.05,0.08,61.974,60.416,59.593,144935.42,119321.2,128944.74,0.37
2017-08-04,61.25,61.75,60.61,59.68,103025.83,-1.05,-1.7,61.334,60.32,59.332,161396.14,124644.93,128902.52,0.49
2017-08-03,63.3,63.72,61.66,61.55,115495.04,-2.07,-3.25,60.934,60.206,59.096,149473.93,125823.97,129569.13,0.55
2017-08-02,63.0,65.13,63.73,61.14,211602.48,0.52,0.82,60.466,60.145,58.824,141663.63,128554.99,134351.64,1.01
2017-08-01,57.62,63.21,63.21,57.62,216939.89,5.75,10.01,59.524,59.865,58.322,121871.79,123093.4,133977.7,1.04
2017-07-31,58.58,58.83,57.46,57.03,159917.48,-1.15,-1.96,58.858,59.7,57.664,93706.97,119444.29,128117.24,0.77
2017-07-28,58.75,59.57,58.61,58.3,43414.77,-0.71,-1.2,59.306,59.997,57.304,87893.72,122690.54,126325.49,0.21
2017-07-27,58.6,59.55,59.32,57.73,76443.52,0.3,0.51,59.478,59.903,56.943,102174.0,130345.37,128208.87,0.37
2017-07-26,59.54,59.8,59.02,57.4,112643.28,-0.86,-1.44,59.824,59.687,56.525,115446.34,139480.7,127902.56,0.54
2017-07-25,59.17,60.35,59.88,58.4,76115.81,0.18,0.3,60.206,59.211,56.089,124315.01,139066.76,126467.85,0.36
2017-07-24,59.03,61.6,59.7,59.03,130851.21,0.23,0.39,60.542,58.769,55.667,145181.62,138568.28,127747.21,0.63
2017-07-21,60.5,60.65,59.47,59.12,114816.19,-1.58,-2.59,60.688,58.344,55.245,157487.36,133160.1,132155.3,0.55
2017-07-20,60.5,61.99,61.05,59.01,142805.23,0.12,0.2,60.328,57.985,54.875,158516.75,133314.29,132712.86,0.68
2017-07-19,61.06,62.45,60.93,60.43,156986.61,-0.63,-1.02,59.55,57.503,54.347,163515.05,140148.29,134895.97,0.75
2017-07-18,59.97,61.83,61.56,58.88,180448.84,1.13,1.87,58.216,56.779,53.77,153818.52,144861.99,132835.0,0.87
2017-07-17,57.69,60.68,60.43,56.3,192379.92,2.76,4.79,56.996,55.628,53.138,131954.95,136790.18,131946.04,0.92
2017-07-14,57.0,57.97,57.67,56.2,119963.14,0.51,0.89,56.0,54.61,52.61,108832.84,129960.45,129170.65,0.58
2017-07-13,54.41,57.3,57.16,54.41,167796.75,2.9,5.34,55.642,53.983,52.186,108111.84,126072.36,127735.14,0.8
2017-07-12,55.22,57.14,54.26,53.9,108503.93,-1.2,-2.16,55.456,53.362,51.797,116781.53,116324.43,124103.41,0.52
2017-07-11,55.15,57.15,55.46,55.13,71131.0,0.01,0.02,55.342,52.967,51.577,135905.47,113868.94,126521.43,0.34
2017-07-10,55.21,57.03,55.45,54.88,76769.39,-0.43,-0.77,54.26,52.565,51.372,141625.42,116926.15,127549.42,0.37
2017-07-07,55.77,56.56,55.88,54.91,116358.12,-0.35,-0.62,53.22,52.145,51.241,151088.05,131150.5,128544.69,0.56
2017-07-06,53.7,56.5,56.23,53.32,211145.23,2.54,4.73,52.324,51.765,51.085,144032.87,132111.42,130305.38,1.01
2017-07-05,49.78,54.45,53.69,49.6,204123.62,3.64,7.27,51.268,51.191,50.863,115867.33,129643.65,124638.68,0.98
2017-07-04,49.87,50.17,50.05,49.05,99730.74,-0.2,-0.4,50.592,50.761,50.703,91832.41,120808.02,121140.82,0.48
2017-07-03,51.34,51.4,50.25,49.45,124082.53,-1.15,-2.24,50.87,50.648,50.747,92226.87,127101.9,121834.7,0.59
2017-06-30,50.51,51.49,51.4,50.51,81082.24,0.45,0.88,51.07,50.61,50.735,111212.95,128380.86,122782.06,0.39
2017-06-29,50.43,50.99,50.95,50.05,70317.52,0.64,1.27,51.206,50.389,50.705,120189.98,129397.92,124457.42,0.34
2017-06-28,51.0,51.15,50.31,50.2,83949.03,-1.13,-2.2,51.114,50.231,50.818,143419.97,131882.38,128020.27,0.4
2017-06-27,51.0,51.68,51.44,50.14,101703.04,0.19,0.37,50.93,50.187,50.956,149783.62,139173.91,129799.71,0.49
2017-06-26,51.87,53.35,51.25,50.9,219012.91,-0.83,-1.59,50.426,50.18,50.999,161976.92,138172.7,130389.95,1.05
2017-06-23,50.05,52.2,52.08,49.97,125967.39,1.59,3.15,50.15,50.337,51.043,145548.78,125938.87,125635.19,0.6
2017-06-22,49.31,51.79,50.49,49.31,186467.48,1.1,2.23,49.572,50.404,50.958,138605.87,128499.33,124685.85,0.89
2017-06-21,48.6,49.65,49.39,48.31,115767.27,0.47,0.96,49.348,50.534,50.984,120344.8,119633.71,122927.66,0.56
2017-06-20,49.95,49.97,48.92,48.0,162669.55,-0.95,-1.91,49.444,50.645,51.012,128564.2,121473.63,124500.38,0.78
2017-06-19,49.2,50.26,49.87,49.15,136872.19,0.68,1.38,49.934,50.845,50.969,114368.47,116567.51,120387.71,0.66
2017-06-16,49.3,49.84,49.19,48.98,91252.84,-0.18,-0.36,50.524,50.86,50.867,106328.97,117183.25,118136.03,0.44
2017-06-15,49.9,50.28,49.37,48.93,95162.15,-0.5,-1.0,51.236,51.021,50.825,118392.8,119516.92,121733.51,0.46
2017-06-14,51.34,51.37,49.87,49.34,156864.28,-1.5,-2.92,51.72,51.405,50.807,118922.62,124158.15,122885.81,0.75
2017-06-13,52.53,52.8,51.37,50.8,91690.91,-1.45,-2.75,51.846,51.725,50.765,114383.06,120425.52,121830.59,0.44
2017-06-12,52.41,54.0,52.82,51.99,96674.68,0.07,0.13,51.756,51.818,50.698,118766.54,122607.2,125385.23,0.46
2017-06-09,51.7,53.7,52.75,51.6,151571.98,0.96,1.85,51.196,51.748,50.484,128037.53,125331.51,129736.57,0.73
2017-06-08,50.51,51.83,51.79,50.3,97811.25,1.29,2.55,50.806,51.511,50.286,120641.03,120872.36,131578.81,0.47
2017-06-07,50.72,51.8,50.5,50.28,134166.48,-0.42,-0.82,51.09,51.433,50.044,129393.67,126221.61,132475.18,0.64
2017-06-06,49.58,51.11,50.92,49.48,113608.32,0.9,1.8,51.604,51.378,49.839,126467.97,127527.13,132750.36,0.54
2017-06-05,50.66,50.66,50.02,48.96,143029.61,-0.78,-1.53,51.88,51.092,49.588,126447.85,124207.91,133628.33,0.69
2017-06-02,52.78,52.99,50.8,50.5,114589.51,-2.41,-4.53,52.3,50.874,49.376,122625.5,119088.81,131526.44,0.55
2017-06-01,52.5,53.25,53.21,51.8,141574.44,0.14,0.26,52.216,50.628,49.113,121103.68,123950.11,130871.77,0.68
2017-05-31,51.83,53.76,53.07,51.41,119537.98,0.77,1.47,51.776,50.209,48.698,123049.55,121613.48,126821.16,0.57
2017-05-26,51.61,53.5,52.3,51.51,113507.71,0.18,0.34,51.152,49.804,48.286,128586.29,123235.67,123734.58,0.54
2017-05-25,49.89,52.5,52.12,49.89,123917.84,1.74,3.45,50.304,49.577,47.912,121967.96,128163.26,124223.33,0.59
2017-05-24,50.52,50.99,50.38,49.11,106980.44,-0.63,-1.24,49.448,49.22,47.546,115552.12,134141.63,125828.92,0.51
2017-05-23,49.78,51.98,51.01,49.32,151303.77,1.06,2.12,49.04,49.06,47.217,126796.54,142285.25,128367.13,0.73
2017-05-22,48.08,50.16,49.95,48.0,147221.67,1.89,3.93,48.642,48.655,46.808,120177.42,138728.74,127883.77,0.71
2017-05-19,47.77,48.55,48.06,47.75,80416.09,0.22,0.46,48.456,48.299,46.395,117885.05,137973.59,123823.5,0.39
2017-05-18,48.02,48.5,47.84,47.48,91838.61,-0.5,-1.03,48.85,48.084,46.065,134358.55,143048.76,122587.16,0.44
2017-05-17,48.7,48.98,48.34,47.73,163202.58,-0.68,-1.39,48.992,47.878,45.719,152731.14,143964.07,120864.18,0.78
2017-05-16,49.0,49.38,49.02,48.62,118208.13,0.0,0.0,49.08,47.599,45.349,157773.96,137793.42,115953.92,0.57
2017-05-15,50.2,50.64,49.02,48.61,135759.84,-1.01,-2.02,48.668,47.186,44.979,157280.07,132028.84,112578.5,0.65
2017-05-12,48.01,51.88,50.03,48.01,162783.58,1.48,3.05,48.142,46.768,44.639,158062.13,124233.5,108384.49,0.78
2017-05-11,48.2,48.97,48.55,47.77,183701.56,-0.23,-0.47,47.318,46.247,44.249,151738.98,120283.41,104538.57,0.88
2017-05-10,46.75,49.64,48.78,46.32,188416.7,1.82,3.88,46.764,45.872,43.946,135197.0,117516.21,99577.42,0.9
2017-05-09,46.19,47.0,46.96,46.1,115738.67,0.57,1.23,46.118,45.374,43.611,117812.88,114449.0,92989.69,0.55
2017-05-08,45.85,46.97,46.39,45.3,139670.12,0.48,1.05,45.704,44.96,43.369,106777.6,117038.8,91094.61,0.67
2017-05-05,45.68,46.18,45.91,45.1,131167.83,0.13,0.28,45.394,44.491,43.158,90404.87,109673.41,88954.22,0.63
2017-05-04,45.5,46.11,45.78,44.88,100991.67,0.23,0.51,45.176,44.045,42.955,88827.85,102125.55,86378.31,0.48
2017-05-03,44.97,45.89,45.55,44.56,101496.12,0.66,1.47,44.98,43.559,42.777,99835.43,97764.3,85721.93,0.49
2017-05-02,44.51,45.5,44.89,44.46,60562.27,0.05,0.11,44.63,43.098,42.609,111085.12,94114.42,84766.36,0.29
2017-04-28,44.67,45.0,44.84,44.54,57806.45,0.02,0.04,44.216,42.772,42.462,127300.01,93128.17,86972.18,0.28
2017-04-27,44.5,45.82,44.82,44.34,123282.75,0.02,0.04,43.588,42.509,42.292,128941.94,92535.48,87128.12,0.59
2017-04-26,43.72,45.76,44.8,43.72,156029.56,1.0,2.28,42.914,42.251,42.136,115423.25,88793.72,84568.3,0.75
2017-04-25,42.78,44.23,43.8,42.51,157744.55,0.98,2.29,42.138,42.02,41.983,95693.17,81638.63,80351.73,0.76
2017-04-24,41.59,42.83,42.82,41.41,141636.73,1.12,2.69,41.566,41.848,41.879,77143.73,71530.38,76242.15,0.68
2017-04-21,41.41,41.78,41.7,41.21,66016.13,0.25,0.6,41.328,41.777,41.809,58956.33,65150.43,74758.92,0.32
2017-04-20,40.77,41.79,41.45,40.52,55689.28,0.53,1.29,41.43,41.825,41.78,56129.02,68235.04,77524.93,0.27
2017-04-19,40.9,41.3,40.92,40.36,57379.14,-0.02,-0.05,41.588,41.865,41.816,62164.2,70631.07,79807.26,0.28
2017-04-18,41.55,41.6,40.94,40.89,64997.36,-0.69,-1.66,41.902,41.994,41.907,67584.1,73679.57,80919.3,0.31
2017-04-17,42.02,42.16,41.63,41.14,50699.75,-0.58,-1.37,42.13,42.119,42.028,65917.04,75418.29,81187.69,0.24
2017-04-14,42.11,42.42,42.21,41.66,51879.59,-0.03,-0.07,42.226,42.151,42.135,71344.52,80816.2,83741.87,0.25
2017-04-13,42.39,42.9,42.24,42.15,85865.15,-0.25,-0.59,42.22,42.074,42.2,80341.05,81720.75,82742.86,0.41
2017-04-12,42.03,42.74,42.49,41.87,84478.66,0.41,0.97,42.142,42.02,42.271,79097.94,80342.88,80984.56,0.41
2017-04-11,41.99,42.24,42.08,41.62,56662.05,-0.03,-0.07,42.086,41.946,42.341,79775.03,79064.82,80427.16,0.27
2017-04-10,42.16,42.76,42.11,42.02,77837.14,-0.07,-0.17,42.108,41.909,42.402,84919.55,80953.91,79766.61,0.37
2017-04-07,41.7,42.52,42.18,41.7,96862.26,0.33,0.79,42.076,41.84,42.492,90287.88,84367.41,78060.98,0.46
2017-04-06,42.21,42.21,41.85,41.55,79649.6,-0.36,-0.85,41.928,41.735,42.577,83100.45,86814.83,75203.13,0.38
2017-04-05,42.23,42.39,42.21,41.56,87864.1,0.02,0.05,41.898,41.766,42.69,81587.82,88983.45,74720.8,0.42
2017-03-31,41.99,42.5,42.19,41.99,82384.64,0.24,0.57,41.806,41.819,42.762,78354.6,88159.04,73610.58,0.4
2017-03-30,41.72,42.26,41.95,41.47,104678.78,0.51,1.23,41.71,41.936,42.852,76988.27,86957.09,71503.56,0.5
2017-03-29,41.8,41.99,41.44,41.33,60925.14,-0.26,-0.62,41.604,42.119,42.965,78446.95,86667.54,68287.68,0.29
2017-03-28,41.8,42.35,41.7,41.63,72086.43,-0.05,-0.12,41.542,42.326,43.109,90529.21,83764.98,67224.36,0.35
2017-03-27,41.37,42.36,41.75,41.36,71698.02,0.04,0.1,41.634,42.521,43.239,96379.09,81626.24,65540.91,0.34
2017-03-24,41.47,41.85,41.71,41.3,75552.97,0.29,0.7,41.832,42.735,43.362,97963.47,81789.49,65867.26,0.36
2017-03-23,41.15,41.77,41.42,41.1,111972.2,0.29,0.7,42.162,42.894,43.537,96925.91,78579.32,63903.34,0.54
2017-03-22,42.18,42.18,41.13,40.81,121336.43,-1.03,-2.44,42.634,43.144,43.74,94888.12,71754.54,61485.73,0.58
2017-03-21,42.71,42.94,42.16,42.03,101335.82,-0.58,-1.36,43.11,43.418,43.99,77000.75,63591.43,57977.09,0.49
2017-03-20,43.33,43.46,42.74,42.49,79619.93,-0.62,-1.43,43.408,43.613,44.202,66873.39,60458.15,57529.11,0.38
2017-03-17,44.0,44.1,43.36,43.31,70365.19,-0.42,-0.96,43.638,43.705,44.386,65615.52,59062.12,58276.72,0.34
2017-03-16,43.7,44.29,43.78,43.65,101783.24,0.27,0.62,43.626,43.767,44.514,60232.72,56050.03,58157.92,0.49
2017-03-15,43.6,43.64,43.51,43.31,31899.55,-0.14,-0.32,43.654,43.81,44.628,48620.96,49907.82,56264.0,0.15
2017-03-14,43.79,43.93,43.65,43.44,50699.03,-0.24,-0.55,43.726,43.891,44.771,50182.11,50683.73,56854.2,0.24
2017-03-13,43.27,44.08,43.89,43.16,73330.58,0.59,1.36,43.818,43.956,44.908,54042.91,49455.58,56330.73,0.35
2017-03-10,43.9,43.97,43.3,43.26,43451.19,-0.62,-1.41,43.772,43.989,45.062,52508.73,49945.04,56361.39,0.21
2017-03-09,43.87,44.1,43.92,43.73,43724.44,0.05,0.11,43.908,44.179,45.214,51867.35,49227.37,56004.93,0.21
2017-03-08,44.0,44.05,43.87,43.67,39705.3,-0.24,-0.54,43.966,44.335,45.347,51194.69,51216.91,56656.07,0.19
2017-03-07,43.6,44.18,44.11,43.42,70003.05,0.45,1.03,44.056,44.561,45.451,51185.36,52362.76,57745.74,0.34
2017-03-06,44.04,44.04,43.66,43.45,65659.65,-0.32,-0.73,44.094,44.79,45.536,44868.25,54600.07,57572.55,0.31
2017-03-03,44.1,44.2,43.98,43.69,40244.31,-0.23,-0.52,44.206,45.067,45.617,47381.34,57491.32,58750.94,0.19
2017-03-02,44.35,44.85,44.21,44.14,40361.12,-0.11,-0.25,44.45,45.26,45.659,46587.39,60265.81,58750.88,0.19
2017-03-01,44.32,44.62,44.32,44.1,39658.65,0.02,0.04,44.704,45.445,45.757,51239.14,62620.18,58352.34,0.19
2017-02-28,44.12,44.47,44.3,44.06,38417.51,0.08,0.18,45.066,45.651,45.826,53540.16,63024.66,58794.97,0.18
2017-02-27,45.21,45.23,44.22,43.89,78225.13,-0.98,-2.17,45.486,45.859,45.906,64331.9,63205.88,58756.85,0.38
2017-02-24,45.36,45.36,45.2,44.92,36274.55,-0.28,-0.62,45.928,46.136,45.989,67601.29,62777.75,56325.91,0.17
2017-02-23,46.09,46.09,45.48,45.2,63619.87,-0.65,-1.41,46.07,46.248,46.019,73944.24,62782.49,55791.21,0.31
2017-02-22,46.45,46.45,46.13,45.75,51163.74,-0.27,-0.58,46.186,46.358,46.023,74001.22,62095.23,54148.39,0.25
2017-02-21,46.45,46.75,46.4,46.2,92376.2,-0.03,-0.07,46.236,46.341,46.004,72509.16,63128.71,53691.77,0.44
2017-02-20,45.91,46.49,46.43,45.62,94572.1,0.52,1.13,46.232,46.282,45.957,62079.86,60545.02,51874.81,0.45
2017-02-17,46.13,46.69,45.91,45.86,67989.27,-0.15,-0.33,46.344,46.166,45.925,57954.21,60010.57,53962.12,0.33
2017-02-16,46.16,46.4,46.06,45.83,63904.81,-0.32,-0.69,46.426,46.058,45.88,51620.75,57235.95,56659.11,0.31
2017-02-15,46.55,46.89,46.38,46.18,43703.43,0.0,0.0,46.53,46.069,45.779,50189.24,54084.5,54623.04,0.21
2017-02-14,46.99,46.99,46.38,46.32,40229.69,-0.61,-1.3,46.446,46.0,45.685,53748.26,54565.28,53913.9,0.19
2017-02-13,46.71,47.5,46.99,46.51,73943.86,0.67,1.45,46.332,45.952,45.585,59010.17,54307.83,52541.77,0.35
2017-02-10,46.84,46.9,46.32,46.09,36321.95,-0.26,-0.56,45.988,45.841,45.471,62066.92,49874.06,51147.28,0.17
2017-02-09,46.05,47.08,46.58,45.86,56747.29,0.62,1.35,45.69,45.79,45.367,62851.14,48799.94,52206.23,0.27
2017-02-08,45.65,46.19,45.96,45.5,61498.52,0.15,0.33,45.608,45.688,45.283,57979.75,46201.54,50780.12,0.29
2017-02-07,45.46,45.86,45.81,45.0,66539.25,0.54,1.19,45.554,45.667,45.238,55382.31,44254.83,49585.75,0.32
2017-02-06,45.06,45.39,45.27,45.03,89227.58,0.44,0.98,45.572,45.631,45.198,49605.48,43204.59,50180.21,0.43
2017-02-03,46.08,46.08,44.83,44.78,40243.08,-1.34,-2.9,45.694,45.684,45.124,37681.21,47913.67,47310.94,0.19
2017-01-26,45.66,46.21,46.17,45.32,32390.31,0.48,1.05,45.89,45.702,45.05,34748.73,56082.27,46967.3,0.16
2017-01-25,45.68,45.92,45.69,44.99,48511.31,-0.21,-0.46,45.768,45.488,44.93,34423.33,55161.59,46425.99,0.23
2017-01-24,45.95,46.42,45.9,45.45,37655.13,0.02,0.04,45.78,45.37,44.829,33127.36,53262.52,45876.1,0.18
2017-01-23,45.9,46.5,45.88,45.73,29606.21,0.07,0.15,45.69,45.218,44.762,36803.71,50775.71,46259.84,0.14
2017-01-20,45.53,46.04,45.81,45.37,25580.67,0.25,0.55,45.674,45.1,44.678,58146.14,52420.49,46329.37,0.12
2017-01-19,45.48,46.0,45.56,45.28,30763.31,-0.19,-0.41,45.514,44.943,44.608,77415.81,55612.52,45981.82,0.15
2017-01-18,45.44,46.24,45.75,45.31,42031.48,0.3,0.66,45.208,44.877,44.564,75899.86,55358.71,46341.57,0.2
2017-01-17,45.47,46.32,45.45,45.1,56036.86,-0.35,-0.76,44.96,44.809,44.47,73397.69,54916.67,46982.93,0.27
2017-01-16,45.0,45.95,45.8,44.6,136318.38,0.79,1.75,44.746,44.765,44.4,64747.72,57155.83,46189.59,0.65
2017-01-13,44.03,45.69,45.01,44.0,121929.04,0.98,2.23,44.526,44.563,44.304,46694.84,46708.21,41347.54,0.58
2017-01-12,44.52,44.88,44.03,43.8,23183.52,-0.48,-1.08,44.372,44.397,44.26,33809.23,37852.33,40111.36,0.11
2017-01-11,44.35,45.09,44.51,44.33,29520.63,0.13,0.29,44.546,44.372,44.358,34817.57,37690.39,41442.73,0.14
2017-01-10,44.67,44.84,44.38,44.36,12787.01,-0.32,-0.72,44.658,44.287,44.414,36435.65,38489.68,44058.97,0.06
2017-01-09,44.5,45.25,44.7,44.25,46054.02,0.46,1.04,44.784,44.306,44.493,49563.94,41743.96,48787.51,0.22
2017-01-06,44.81,45.2,44.24,44.16,57500.99,-0.66,-1.47,44.6,44.255,44.598,46721.57,40238.25,52265.49,0.28
2017-01-05,45.34,45.65,44.9,44.8,28225.18,-0.17,-0.38,44.422,44.272,44.666,41895.43,36351.12,52721.41,0.14
2017-01-04,44.99,45.35,45.07,44.67,37611.06,0.06,0.13,44.198,44.25,44.685,40563.22,37324.42,55555.26,0.18
2017-01-03,43.78,45.55,45.01,43.78,78428.45,1.23,2.81,43.916,44.131,44.678,40543.7,39049.18,56788.45,0.38
2016-12-30,43.36,43.8,43.78,43.36,31842.18,0.43,0.99,43.828,44.035,44.69,33923.98,35223.35,55977.98,0.15
2016-12-29,43.71,43.99,43.35,43.12,33370.3,-0.43,-0.98,43.91,44.044,44.776,33754.93,35986.87,58122.44,0.16
2016-12-28,43.52,43.97,43.78,43.5,21564.13,0.12,0.28,44.122,44.123,44.934,30806.81,42370.38,58838.66,0.1
2016-12-27,44.3,44.76,43.66,43.57,37513.46,-0.91,-2.04,44.302,44.343,45.057,34085.62,45195.06,63070.27,0.18
2016-12-26,43.89,44.6,44.57,42.9,45329.84,0.38,0.86,44.346,44.541,45.25,37554.66,49628.27,65455.14,0.22
2016-12-23,44.47,44.5,44.19,43.82,30996.92,-0.22,-0.49,44.242,44.68,45.427,36522.72,55831.05,68502.93,0.15
2016-12-22,44.56,44.58,44.41,44.02,18629.71,-0.27,-0.6,44.178,44.941,45.6,38218.81,64292.72,70432.06,0.09
2016-12-21,44.01,44.8,44.68,44.0,37958.17,0.8,1.82,44.124,45.06,45.744,53933.96,69091.69,75225.55,0.18
2016-12-20,44.4,44.5,43.88,43.42,54858.68,-0.17,-0.39,44.384,45.12,45.84,56304.5,73786.1,77754.73,0.26
2016-12-19,43.87,44.46,44.05,43.72,40170.13,0.18,0.41,44.736,45.225,46.033,61701.87,74527.73,84634.79,0.19
2016-12-16,44.01,44.37,43.87,43.7,39477.37,-0.27,-0.61,45.118,45.344,46.166,75139.39,76732.6,96448.37,0.19
2016-12-15,45.63,46.16,44.14,43.72,97205.43,-1.84,-4.0,45.704,45.507,46.183,90366.64,80258.0,97400.89,0.47
2016-12-14,45.4,46.76,45.98,45.31,49810.87,0.34,0.74,45.996,45.745,46.191,84249.42,75306.94,95246.36,0.24
2016-12-13,45.8,46.26,45.64,45.21,81845.57,-0.32,-0.7,45.856,45.771,46.109,91267.71,80945.48,96133.95,0.39
2016-12-12,46.82,47.4,45.96,45.72,107357.69,-0.84,-1.79,45.714,45.958,46.057,87353.58,81282.02,95715.04,0.51
2016-12-09,45.52,47.52,46.8,45.28,115613.62,1.2,2.63,45.57,46.174,46.006,78325.81,81174.81,97734.86,0.55
2016-12-08,45.5,46.2,45.6,45.3,66619.37,0.32,0.71,45.31,46.259,45.916,70149.36,76571.39,100489.36,0.32
2016-12-07,44.97,46.06,45.28,44.86,84902.3,0.36,0.8,45.494,46.427,45.812,66364.45,81359.41,100624.29,0.41
2016-12-06,45.25,45.49,44.93,44.84,62274.91,-0.32,-0.71,45.686,46.559,45.709,70623.25,81723.35,102298.23,0.3
2016-12-05,45.0,45.54,45.24,44.43,62218.87,-0.29,-0.64,46.202,46.84,45.636,75210.46,94741.86,102507.35,0.3
2016-12-02,46.41,46.45,45.5,45.4,74731.37,-1.01,-2.17,46.778,46.988,45.536,84023.81,116164.15,103740.72,0.36
2016-12-01,45.95,46.7,46.52,45.82,47694.79,0.27,0.58,47.208,46.859,45.406,82993.42,114543.79,104221.69,0.23
2016-11-30,47.4,47.93,46.24,45.9,106196.3,-1.28,-2.69,47.36,46.636,45.222,96354.38,115185.78,107346.92,0.51
2016-11-29,47.71,47.97,47.51,46.91,85210.96,-0.61,-1.27,47.432,46.446,45.016,92823.45,111322.42,104717.88,0.41
2016-11-28,47.64,48.8,48.12,47.45,106285.65,0.46,0.96,47.478,46.155,44.773,114273.26,110148.06,103092.4,0.51
2016-11-25,47.0,47.7,47.65,46.5,69579.41,0.37,0.78,47.198,45.838,44.481,148304.48,114294.91,101072.24,0.33
2016-11-24,46.61,48.5,47.28,46.57,114499.56,0.67,1.44,46.51,45.573,44.218,146094.15,124407.34,103308.77,0.55
2016-11-23,47.9,47.99,46.6,46.52,88541.67,-1.14,-2.39,45.912,45.197,43.955,134017.19,119889.16,99728.11,0.42
2016-11-22,46.45,48.56,47.74,46.45,192460.02,1.01,2.16,45.46,44.859,43.742,129821.39,122873.11,97505.41,0.92
2016-11-21,44.25,47.88,46.72,44.21,276441.75,2.52,5.7,44.832,44.432,43.475,106022.86,110272.84,90833.43,1.33
2016-11-18,44.17,44.66,44.21,43.94,58527.75,-0.06,-0.14,44.478,44.084,43.274,80285.35,91317.29,83825.79,0.28
2016-11-17,44.22,44.33,44.29,43.93,54114.76,-0.04,-0.09,44.636,43.952,43.154,102720.52,93899.6,84003.1,0.26
2016-11-16,44.51,45.03,44.34,44.08,67562.65,-0.26,-0.58,44.482,43.807,43.032,105761.13,99508.07,82596.19,0.32
2016-11-15,44.96,45.49,44.6,44.3,73467.38,-0.34,-0.76,44.258,43.586,42.908,115924.84,98113.34,80746.29,0.35
2016-11-14,44.92,45.86,44.95,44.32,147754.19,-0.03,-0.07,44.032,43.391,42.791,114522.82,96036.74,80110.04,0.71
2016-11-11,43.6,45.7,45.0,43.5,170703.62,1.46,3.35,43.69,43.123,42.623,102349.23,87849.57,74745.14,0.82
2016-11-10,43.8,43.94,43.52,43.28,69317.81,0.26,0.6,43.268,42.862,42.479,85078.69,82210.21,67862.9,0.33
2016-11-09,43.2,43.77,43.22,42.7,118381.2,-0.25,-0.57,43.132,42.713,42.403,93255.0,79567.05,65671.84,0.57
2016-11-08,43.4,43.66,43.47,43.18,66457.29,0.25,0.58,42.914,42.625,42.345,80301.85,72137.71,61834.3,0.32
2016-11-07,42.99,43.44,43.24,42.7,86886.25,0.35,0.82,42.75,42.518,42.277,77550.66,71394.02,62108.29,0.42
2016-11-04,42.55,43.35,42.89,42.54,84350.88,0.11,0.26,42.556,42.463,42.206,73349.91,76334.29,60828.66,0.4
2016-11-03,41.98,43.1,42.84,41.9,110199.39,0.72,1.71,42.456,42.356,42.123,79341.72,74106.61,59732.47,0.53
2016-11-02,42.5,42.67,42.13,41.96,53615.42,-0.5,-1.17,42.294,42.257,42.059,65879.1,65684.31,56299.04,0.26
2016-11-01,42.25,42.77,42.65,42.09,52701.36,0.36,0.85,42.336,42.23,42.015,63973.57,63379.23,54846.6,0.25
2016-10-31,42.01,42.45,42.27,41.65,65882.52,-0.09,-0.21,42.286,42.19,41.95,65237.37,64183.34,54209.65,0.32
2016-10-28,41.95,43.12,42.39,41.95,114309.93,0.37,0.88,42.37,42.123,41.886,79318.66,61640.7,53247.79,0.55
2016-10-27,42.23,42.29,42.03,41.9,42886.28,-0.31,-0.73,42.256,42.096,41.864,68871.49,53515.59,49801.21,0.21
2016-10-26,42.51,42.6,42.34,42.1,44087.76,-0.07,-0.17,42.22,42.093,41.871,65489.51,51776.63,52905.19,0.21
2016-10-25,42.69,42.7,42.4,42.22,59020.37,-0.29,-0.68,42.124,42.065,41.825,62784.89,51530.9,52422.75,0.28
2016-10-24,41.7,43.27,42.69,41.63,136288.94,0.89,2.13,42.094,42.035,41.774,63129.31,52822.55,51078.86,0.65
2016-10-21,41.85,42.3,41.82,41.55,62074.09,-0.02,-0.05,41.876,41.949,41.704,43962.75,45323.04,46378.9,0.3
2016-10-20,41.89,42.06,41.85,41.79,25976.38,-0.02,-0.05,41.936,41.89,41.666,38159.7,45358.33,45701.9,0.12
2016-10-19,42.18,42.26,41.86,41.79,30564.65,-0.38,-0.9,41.966,41.861,41.643,38063.75,46913.77,47907.86,0.15
2016-10-18,41.52,42.3,42.25,41.3,60742.51,0.66,1.59,42.006,41.8,41.645,40276.9,46313.96,53693.83,0.29
2016-10-17,42.16,42.17,41.6,41.55,40456.13,-0.51,-1.21,41.976,41.709,41.675,42515.79,44235.96,54863.46,0.19
2016-10-14,41.91,42.19,42.12,41.66,33058.83,0.14,0.33,42.022,41.649,41.753,46683.33,44854.88,56400.96,0.16
2016-10-13,42.04,42.23,42.0,41.84,25496.64,-0.06,-0.14,41.844,41.632,41.816,52556.95,46086.82,62329.65,0.12
2016-10-12,42.09,42.27,42.06,41.8,41630.41,-0.05,-0.12,41.756,41.648,41.874,55763.79,54033.74,65582.99,0.2
2016-10-11,41.7,42.37,42.1,41.7,71936.96,0.3,0.72,41.594,41.585,41.896,52351.02,53314.6,67029.21,0.34
2016-10-10,41.41,41.87,41.83,41.25,61293.81,0.62,1.5,41.442,41.512,41.927,45956.13,49335.17,68024.6,0.29
2016-09-30,41.39,41.56,41.23,41.1,62426.94,-0.34,-0.82,41.276,41.459,41.956,43026.42,47434.76,70199.35,0.3
2016-09-29,41.77,41.8,41.56,41.38,41530.82,0.3,0.73,41.42,41.441,42.078,39616.69,46045.47,72863.22,0.2
2016-09-28,41.3,41.64,41.25,41.15,24566.59,-0.08,-0.19,41.54,41.425,42.156,52303.7,48901.95,75253.98,0.12
2016-09-27,40.96,41.48,41.34,40.8,39962.51,0.34,0.83,41.576,41.489,42.243,54278.17,61073.69,76435.56,0.19
2016-09-26,41.8,41.8,41.0,40.9,46645.24,-0.94,-2.24,41.582,41.64,42.314,52714.21,65490.96,78711.54,0.22
2016-09-23,42.14,42.41,41.95,41.91,45378.27,-0.17,-0.4,41.642,41.856,42.415,51843.11,67947.05,80934.03,0.22
2016-09-22,41.74,42.7,42.16,41.6,104965.88,0.72,1.74,41.462,41.999,42.482,52474.24,78572.49,86166.56,0.5
2016-09-21,41.29,41.69,41.43,41.12,34438.97,0.06,0.14,41.31,42.1,42.595,45500.2,77132.23,86836.7,0.17
2016-09-20,41.39,41.4,41.37,41.05,32142.67,0.06,0.14,41.402,42.208,42.725,67869.21,80743.81,91116.04,0.15
2016-09-19,41.19,41.48,41.3,41.07,42289.74,0.23,0.56,41.698,42.341,42.869,78267.72,86714.03,96594.5,0.2
2016-09-14,41.12,41.4,41.05,40.85,48533.96,-0.34,-0.82,42.07,42.453,43.054,84051.0,92963.95,104448.04,0.23
2016-09-13,41.73,41.83,41.4,40.97,70095.68,-0.49,-1.17,42.536,42.714,43.268,104670.73,99680.97,112157.48,0.34
2016-09-12,41.64,42.09,41.89,41.05,146284.02,-0.96,-2.24,42.89,42.887,43.482,108764.26,101606.0,123581.65,0.7
2016-09-09,43.35,43.89,42.85,42.8,84135.21,-0.28,-0.65,43.014,42.997,43.721,93618.41,91797.43,145399.44,0.4
2016-09-08,43.29,43.46,43.16,42.8,71206.13,-0.2,-0.46,42.984,42.988,43.741,95160.34,91932.11,157803.28,0.34
2016-09-07,43.18,44.38,43.38,43.02,151632.61,0.2,0.46,42.836,42.973,43.661,101876.89,93921.01,172230.64,0.73
2016-09-06,42.64,43.36,43.17,42.3,90563.33,0.63,1.48,42.892,42.965,43.481,94691.22,93760.64,166211.76,0.43
2016-09-05,42.67,42.97,42.51,42.4,70554.78,-0.18,-0.42,42.884,43.09,43.336,94447.75,96541.17,163522.87,0.34
2016-09-02,42.34,42.9,42.7,42.2,91844.86,0.23,0.54,42.98,43.241,43.218,89976.44,101488.26,161883.84,0.44
2016-09-01,43.43,43.58,42.42,42.29,104788.88,-1.24,-2.84,42.992,43.397,43.075,88703.88,106474.97,159601.32,0.5
2016-08-31,43.01,43.88,43.66,42.76,115704.23,0.53,1.23,43.11,43.655,42.937,85965.13,115932.13,155906.5,0.55
2016-08-30,43.03,43.43,43.13,42.64,89345.98,0.16,0.37,43.038,43.821,42.73,92830.06,124633.98,152007.15,0.43
2016-08-29,42.8,43.01,42.99,42.6,48198.25,0.19,0.44,43.296,44.077,42.56,98634.59,145557.29,148823.52,0.23
2016-08-26,43.06,43.52,42.76,42.74,85482.06,-0.27,-0.63,43.502,44.444,42.391,113000.09,199001.46,148448.26,0.41
2016-08-25,42.81,43.24,43.01,42.52,91095.14,-0.29,-0.67,43.802,44.494,42.24,124246.05,223674.45,146215.01,0.44
2016-08-24,44.3,44.32,43.3,42.94,150028.88,-1.12,-2.52,44.2,44.348,42.093,145899.13,250540.27,144734.56,0.72
2016-08-23,44.05,44.88,44.42,43.85,118368.62,0.42,0.95,44.604,43.996,41.967,156437.9,238662.88,144355.67,0.57
2016-08-22,44.2,44.78,44.02,43.5,120025.73,-0.24,-0.54,44.858,43.581,41.796,192480.0,230504.58,141937.98,0.58
2016-08-19,44.6,44.6,44.26,43.8,141711.88,-0.73,-1.62,45.386,43.195,41.62,285002.83,222279.42,137986.19,0.68
2016-08-18,45.32,46.08,45.0,44.65,199360.56,-0.24,-0.53,45.186,42.753,41.443,323102.84,212727.68,133866.47,0.96
2016-08-17,45.65,45.65,45.32,44.45,202722.72,-0.36,-0.79,44.496,42.219,41.253,355181.4,195880.86,130440.36,0.97
2016-08-16,46.5,47.2,45.69,45.5,298579.09,-0.97,-2.08,43.388,41.639,41.032,320887.86,179380.32,124772.47,1.43
2016-08-15,43.0,47.63,46.66,42.7,582639.88,3.36,7.76,42.304,41.043,40.812,268529.16,152089.75,113649.32,2.79
2016-08-12,40.93,43.7,43.26,40.71,332211.97,1.76,4.24,41.004,40.338,40.569,159556.02,97895.06,89492.23,1.59
2016-08-11,40.85,43.78,41.55,40.69,359753.34,1.75,4.4,40.32,39.986,40.514,102352.51,68755.57,75733.21,1.73
2016-08-10,39.99,40.05,39.78,39.78,31255.03,-0.17,-0.43,39.942,39.837,40.554,36580.32,38928.86,60248.11,0.15
2016-08-09,40.1,40.34,40.27,40.0,36785.57,0.16,0.4,39.89,39.937,40.695,37872.77,50048.45,65509.18,0.18
2016-08-08,39.9,40.2,40.16,39.7,37774.21,0.33,0.83,39.782,40.01,40.808,35650.34,53371.39,72085.6,0.18
2016-08-05,39.64,40.19,39.84,39.59,46194.39,0.18,0.45,39.672,40.044,40.842,36234.1,53692.95,72953.84,0.22
2016-08-04,39.54,39.68,39.66,39.4,30892.38,0.12,0.3,39.652,40.132,40.878,35158.64,55005.26,72532.92,0.15
2016-08-03,39.4,39.75,39.52,39.4,37717.29,-0.22,-0.55,39.732,40.286,40.933,41277.4,64999.86,73238.88,0.18
2016-08-02,39.65,39.81,39.73,39.53,25673.42,0.08,0.2,39.984,40.425,41.009,62224.13,70164.63,74384.78,0.12
2016-08-01,39.59,39.96,39.61,39.4,40693.0,-0.15,-0.38,40.238,40.581,41.08,71092.44,75208.9,76464.33,0.2
2016-07-29,40.0,40.14,39.74,39.72,40817.11,-0.28,-0.7,40.416,40.8,41.169,71151.81,81089.41,79166.73,0.2
2016-07-28,40.35,40.53,40.06,39.8,61486.18,-0.71,-1.74,40.612,41.042,41.214,74851.87,82710.85,79283.5,0.29
2016-07-27,40.9,40.98,40.78,39.5,142450.95,-0.22,-0.54,40.84,41.271,41.231,88722.31,81567.36,78264.07,0.68
2016-07-26,40.48,41.12,41.0,40.45,70014.95,0.51,1.26,40.866,41.453,41.23,78105.13,80969.92,75941.66,0.34
2016-07-25,40.32,40.78,40.5,40.3,40989.87,-0.23,-0.56,40.924,41.606,41.189,79325.35,90799.8,76077.02,0.2
2016-07-22,41.2,41.23,40.72,40.52,59317.42,-0.47,-1.14,41.184,41.639,41.154,91027.0,92214.72,75665.23,0.28
2016-07-21,40.92,41.27,41.2,40.81,130838.38,0.29,0.71,41.472,41.623,41.09,90569.83,90060.57,75511.49,0.63
2016-07-20,41.3,41.4,40.91,40.79,89365.03,-0.38,-0.92,41.702,41.579,41.035,74412.4,81477.89,70552.27,0.43
2016-07-19,41.83,41.83,41.29,41.12,76116.07,-0.6,-1.43,42.04,41.592,41.004,83834.71,78604.92,68215.68,0.36
2016-07-18,41.66,42.79,41.8,41.59,99498.1,-0.34,-0.81,42.288,41.578,40.945,102274.25,77719.76,68720.41,0.48
2016-07-15,42.28,42.75,42.16,41.96,57031.55,-0.18,-0.42,42.094,41.538,40.857,93402.44,77244.05,65092.48,0.27
2016-07-14,42.28,42.5,42.35,42.01,50051.26,-0.24,-0.56,41.774,41.385,40.752,89551.32,75856.15,64024.12,0.24
2016-07-13,42.5,43.3,42.6,42.15,136476.55,0.1,0.23,41.456,41.19,40.624,88543.38,74960.79,63320.69,0.65
2016-07-12,40.71,42.79,42.53,40.61,168313.81,1.74,4.27,41.144,41.006,40.515,73375.13,70913.4,60054.88,0.81
2016-07-11,40.66,41.33,40.83,40.5,55139.03,0.29,0.71,40.868,40.771,40.394,53165.26,61354.23,53671.43,0.26
2016-07-08,40.85,40.85,40.56,40.49,37775.96,-0.22,-0.54,40.982,40.668,40.33,61085.67,59115.74,53770.05,0.18
2016-07-07,41.05,41.1,40.76,40.5,45011.57,-0.28,-0.68,40.996,40.556,40.362,62160.98,60962.4,55409.37,0.22
2016-07-06,40.9,41.26,41.04,40.9,60635.3,-0.09,-0.22,40.924,40.49,40.409,61378.19,59626.65,55479.96,0.29
2016-07-05,41.28,41.57,41.15,40.85,67264.42,-0.27,-0.65,40.868,40.416,40.432,68451.67,57826.44,54791.1,0.32
2016-07-04,40.39,41.99,41.4,40.27,94741.08,0.79,1.95,40.674,40.311,40.476,69543.21,59721.07,54780.45,0.45
2016-07-01,40.5,40.8,40.63,40.38,43152.51,0.23,0.57,40.354,40.176,40.506,57145.81,52940.91,52364.39,0.21
2016-06-30,40.62,40.89,40.4,40.25,41097.62,-0.27,-0.66,40.116,40.119,40.572,59763.83,52192.09,54059.58,0.2
2016-06-29,40.0,41.18,40.76,40.0,96002.72,0.62,1.54,40.056,40.057,40.665,57875.12,51680.6,60434.22,0.46
2016-06-28,39.6,40.4,40.18,39.29,72722.1,0.39,0.98,39.964,40.023,40.616,47201.2,49196.35,57052.46,0.35
2016-06-27,39.4,39.8,39.8,39.3,32754.08,0.38,0.96,39.948,40.017,40.582,49898.93,45988.63,55256.79,0.16
2016-06-24,40.25,40.58,39.44,39.2,56242.62,-0.62,-1.55,39.998,39.992,40.573,48736.0,48424.37,55517.08,0.27
2016-06-23,40.32,40.37,40.1,39.98,31654.09,-0.18,-0.45,40.122,40.168,40.563,44620.35,49856.33,54374.98,0.15
2016-06-22,39.69,40.3,40.3,39.6,42633.13,0.23,0.57,40.058,40.327,40.529,45486.07,51333.26,54440.67,0.2
2016-06-21,40.2,41.45,40.1,39.92,86210.71,0.05,0.12,40.082,40.447,40.516,51191.5,51755.76,54772.48,0.41
2016-06-20,40.35,40.35,40.05,39.99,26939.47,0.0,0.0,40.086,40.641,40.53,42078.34,49839.84,52863.8,0.13
2016-06-17,39.91,40.41,40.06,39.81,35664.37,0.29,0.73,39.986,40.835,40.543,48112.74,51787.88,55662.23,0.17
2016-06-16,40.06,40.29,39.78,39.62,35982.69,-0.64,-1.58,40.214,41.025,40.554,55092.31,55927.07,60236.99,0.17
2016-06-15,39.32,41.15,40.42,39.21,71160.27,0.32,0.8,40.596,41.273,40.551,57180.45,69187.85,60711.21,0.34
2016-06-14,39.4,40.24,40.12,39.38,40644.91,0.56,1.42,40.812,41.209,40.512,52320.02,64908.56,61031.36,0.19
2016-06-13,40.7,41.09,39.55,39.48,57111.46,-1.64,-3.98,41.196,41.147,40.477,57601.34,64524.94,65489.72,0.27
2016-06-08,41.51,41.55,41.2,40.6,70562.23,-0.51,-1.22,41.684,41.153,40.468,55463.03,62609.79,70418.66,0.34
2016-06-07,41.48,41.86,41.69,41.11,46423.38,0.22,0.53,41.836,40.957,40.337,56761.82,58893.63,69973.93,0.22
2016-06-06,42.02,42.1,41.5,41.32,46858.1,-0.51,-1.21,41.95,40.73,40.169,81195.24,57548.08,72614.63,0.22
2016-06-03,42.0,42.25,42.04,41.46,67051.52,0.05,0.12,41.606,40.584,40.022,77497.11,57789.21,75613.74,0.32
2016-06-02,41.81,42.36,41.99,41.55,46419.9,0.03,0.07,41.098,40.419,39.853,71448.55,55887.76,77290.26,0.22
2016-06-01,41.89,42.19,41.96,41.76,77056.22,-0.32,-0.76,40.622,40.25,39.743,69756.56,59536.57,77389.99,0.37
2016-05-31,39.8,43.34,42.26,39.79,168590.48,2.48,6.23,40.078,40.083,39.64,61025.43,64546.92,77830.53,0.81
2016-05-30,39.4,39.96,39.78,39.29,28367.41,0.28,0.71,39.51,39.829,39.528,33900.91,52234.58,76133.1,0.14
2016-05-27,39.9,40.05,39.5,39.45,36808.72,-0.09,-0.23,39.562,39.814,39.53,38081.31,57154.17,78367.23,0.18
2016-05-26,39.24,39.75,39.61,39.22,37959.97,0.36,0.92,39.74,39.807,39.559,40326.98,66454.49,80219.31,0.18
2016-05-25,39.6,39.77,39.24,39.21,33400.58,-0.15,-0.38,39.878,39.783,39.581,49316.59,78227.52,81314.5,0.16
2016-05-24,39.89,39.89,39.42,39.02,32967.86,-0.58,-1.45,40.088,39.716,39.626,68068.4,81054.24,85575.5,0.16
2016-05-23,40.4,40.51,40.04,39.7,49269.41,-0.34,-0.84,40.148,39.607,39.652,70568.25,87681.18,90934.63,0.24
2016-05-20,40.18,40.58,40.39,40.1,48037.08,0.09,0.22,40.066,39.46,39.628,76227.03,93438.27,95216.62,0.23
2016-05-19,39.98,40.5,40.3,39.98,82908.0,0.0,0.0,39.874,39.287,39.563,92582.0,98692.75,103109.4,0.4
2016-05-18,39.39,40.76,40.29,39.3,127159.64,0.59,1.49,39.688,39.236,39.506,107138.45,95243.4,110083.96,0.61
2016-05-17,39.67,39.88,39.72,39.36,45467.13,0.14,0.35,39.344,39.196,39.466,94040.07,91114.15,108269.64,0.22
2016-05-16,39.16,40.05,39.63,39.12,77563.28,0.2,0.51,39.066,39.226,39.456,104794.11,100031.61,110795.06,0.37
2016-05-13,39.1,39.55,39.43,38.89,129811.94,0.11,0.28,38.854,39.245,39.492,110649.51,99580.29,111812.61,0.62
2016-05-12,38.28,39.45,39.37,38.01,155690.25,0.8,2.07,38.7,39.311,39.543,104803.5,93984.14,111014.35,0.75
2016-05-11,38.53,38.81,38.57,38.32,61667.77,0.27,0.7,38.784,39.378,39.585,83348.35,84401.48,115557.38,0.3
2016-05-10,38.29,38.78,38.33,38.04,99237.3,-0.22,-0.57,39.048,39.536,39.635,88188.22,90096.76,117494.67,0.48
2016-05-09,38.5,38.87,38.57,38.28,106840.3,-0.13,-0.34,39.386,39.696,39.689,95269.12,94188.08,120375.96,0.51
2016-05-06,39.85,39.99,38.66,38.66,100581.89,-1.12,-2.81,39.636,39.795,39.696,88511.07,96994.97,121050.16,0.48
2016-05-05,39.7,40.1,39.79,39.6,48414.48,-0.1,-0.25,39.922,39.839,39.727,83164.77,107526.05,123623.78,0.23
2016-05-04,39.99,40.09,39.89,39.6,85867.15,-0.11,-0.28,39.972,39.775,39.747,85454.61,124924.52,127452.97,0.41
2016-05-03,39.79,40.3,40.02,39.03,134641.78,0.12,0.3,40.024,39.736,39.782,92005.3,125425.12,132643.39,0.65
2016-04-29,39.88,40.2,39.82,39.65,73050.06,-0.27,-0.67,40.006,39.685,39.788,93107.03,121558.51,134987.12,0.35
2016-04-28,40.02,40.32,40.09,39.75,73850.4,0.08,0.2,39.954,39.738,39.827,105478.87,124044.93,141432.78,0.35
2016-04-27,40.0,40.36,40.04,39.91,59863.66,-0.11,-0.27,39.756,39.774,39.867,131887.32,128044.56,152340.46,0.29
2016-04-26,39.79,40.35,40.15,39.75,118620.61,0.16,0.4,39.578,39.792,39.836,164394.43,146713.27,158344.37,0.57
2016-04-25,39.53,40.4,39.93,39.08,140150.42,0.4,1.01,39.448,39.733,39.791,158844.94,144892.57,162527.3,0.67
2016-04-22,38.8,39.76,39.56,38.55,134909.28,0.46,1.18,39.364,39.682,39.79,150010.0,146563.84,169106.99,0.65
2016-04-21,38.5,39.8,39.1,38.11,205892.61,-0.04,-0.1,39.522,39.596,39.756,142610.99,145105.34,170452.53,0.99
2016-04-20,39.65,39.77,39.15,37.67,222399.22,-0.33,-0.84,39.792,39.615,39.809,124201.81,139721.51,171470.82,1.07
2016-04-19,39.9,39.94,39.5,39.2,90873.18,-0.01,-0.03,40.006,39.719,39.827,129032.12,129981.42,171555.22,0.44
2016-04-18,40.0,40.03,39.51,39.27,95975.71,-0.83,-2.06,40.018,39.828,39.896,130940.2,139861.66,190192.28,0.46
2016-04-15,40.35,40.59,40.35,39.98,97914.21,-0.08,-0.2,40.0,39.891,39.844,143117.68,148415.73,202350.41,0.47
2016-04-14,40.62,40.93,40.45,40.0,113846.75,0.24,0.6,39.67,39.915,39.709,147599.69,158820.63,209721.03,0.55
2016-04-13,39.9,41.36,40.22,39.73,246550.73,0.66,1.67,39.438,39.96,39.535,155241.2,176636.35,216812.66,1.18
2016-04-12,39.3,39.58,39.56,38.83,100413.59,0.16,0.41,39.432,39.88,39.367,130930.73,169975.46,212883.81,0.48
2016-04-11,39.48,40.19,39.42,39.23,156863.11,0.71,1.83,39.638,39.849,39.212,148783.12,180162.04,216996.17,0.75
2016-04-08,39.0,39.04,38.7,38.22,120324.28,-0.58,-1.48,39.782,39.897,39.027,153713.78,191650.13,215475.8,0.58
2016-04-07,40.35,40.43,39.29,39.0,152054.28,-0.86,-2.14,40.16,39.916,38.863,170041.56,195799.71,213875.07,0.73
2016-04-06,40.2,40.5,40.19,39.72,124998.38,-0.41,-1.01,40.482,40.003,38.721,198031.49,203220.14,213948.84,0.6
2016-04-05,39.74,41.08,40.59,39.51,189675.55,0.44,1.1,40.328,39.934,38.581,209020.19,213129.02,216720.28,0.91
2016-04-01,40.4,40.64,40.14,39.31,181516.41,-0.43,-1.06,40.06,39.963,38.441,211540.96,240522.9,215613.22,0.87
2016-03-31,40.94,41.36,40.59,40.17,201963.19,-0.33,-0.81,40.012,39.796,38.323,229586.49,256285.09,222943.46,0.97
2016-03-30,39.65,40.95,40.9,39.51,292003.94,1.48,3.75,39.672,39.502,38.13,221557.87,260621.43,221780.29,1.4
2016-03-29,39.51,40.03,39.42,38.91,179941.88,0.18,0.46,39.524,39.11,37.909,208408.78,256988.98,218546.79,0.86
2016-03-28,40.1,40.69,39.25,39.07,202279.36,-0.65,-1.63,39.54,38.853,37.68,217237.85,255792.17,219129.22,0.97
2016-03-25,38.85,41.88,39.9,38.68,271744.06,1.0,2.57,39.866,38.574,37.407,269504.84,253830.31,220759.82,1.3
2016-03-24,39.41,39.87,38.89,38.6,161820.09,-1.29,-3.21,39.58,38.156,37.198,282983.7,239301.46,214898.71,0.78
2016-03-23,39.52,40.97,40.16,39.3,226258.52,0.65,1.65,39.332,37.809,37.037,299684.99,231950.42,218340.81,1.08
2016-03-22,40.13,40.44,39.5,39.39,224087.23,-1.38,-3.38,38.696,37.438,36.992,305569.17,224677.54,215438.44,1.07
2016-03-21,38.98,41.97,40.88,38.8,463614.28,2.4,6.24,38.166,37.228,36.979,294346.48,220311.53,212573.27,2.22
2016-03-18,37.72,39.06,38.47,37.38,339138.38,0.84,2.23,37.282,36.918,36.941,238155.78,190703.55,205691.77,1.63
2016-03-17,37.21,38.19,37.65,36.8,245326.56,0.68,1.84,36.732,36.849,36.909,195619.22,189601.83,193475.06,1.18
2016-03-16,36.39,37.48,36.98,36.32,255679.42,0.12,0.33,36.286,36.757,36.915,164215.84,182939.14,191882.0,1.23
2016-03-15,36.04,36.9,36.85,35.57,167973.77,0.41,1.12,36.18,36.707,36.971,143785.9,180104.61,186823.04,0.81
2016-03-14,36.38,37.41,36.46,36.02,182660.78,0.74,2.07,36.29,36.507,37.021,146276.57,182466.28,187251.3,0.88
2016-03-11,35.01,35.77,35.72,34.91,126455.56,0.23,0.65,36.554,36.239,37.018,143251.31,187689.34,183948.68,0.61
2016-03-10,36.15,36.43,35.42,35.41,88309.67,-1.04,-2.85,36.966,36.24,37.067,183584.43,190495.95,184371.42,0.42
2016-03-09,36.41,36.75,36.45,35.6,153529.7,-0.96,-2.57,37.228,36.264,37.146,201662.44,204731.2,188840.06,0.74
2016-03-08,37.37,37.52,37.4,35.5,180427.16,-0.35,-0.93,37.234,36.546,37.139,216423.32,206199.35,188049.04,0.87
2016-03-07,37.5,38.28,37.78,37.21,167534.48,-0.02,-0.05,36.724,36.729,37.112,218655.98,204835.0,186936.69,0.8
2016-03-04,36.61,38.25,37.78,36.31,328121.16,1.01,2.75,35.924,36.964,37.018,232127.36,220679.98,186939.0,1.57
2016-03-03,36.77,37.4,36.73,36.28,178699.72,0.24,0.66,35.514,36.969,36.97,197407.47,197348.29,184465.15,0.86
2016-03-02,34.86,36.81,36.48,34.75,227334.06,1.62,4.65,35.3,37.072,36.893,207799.96,200824.86,185880.84,1.09
2016-03-01,33.72,35.56,34.85,33.4,191590.48,1.03,3.05,35.858,37.234,36.849,195975.39,193541.47,185437.93,0.92
2016-02-29,35.2,35.54,33.78,33.01,234891.39,-1.94,-5.43,36.734,37.534,36.937,191014.03,192036.33,190669.12,1.13
2016-02-26,36.11,36.35,35.73,35.01,154521.7,0.04,0.11,38.004,37.796,37.214,209232.6,180208.02,185965.1,0.74
2016-02-25,39.0,39.0,35.66,35.51,230662.19,-3.62,-9.22,38.424,37.893,37.386,197289.11,178246.9,187601.52,1.11
2016-02-24,39.0,39.48,39.27,38.02,168211.17,0.05,0.13,38.844,38.028,37.521,193849.75,172948.92,188878.64,0.81
2016-02-23,39.66,39.98,39.23,38.64,166783.7,-0.88,-2.19,38.61,37.731,37.543,191107.55,169898.72,194677.73,0.8
2016-02-22,38.5,41.58,40.13,37.86,325984.25,2.28,6.02,38.334,37.495,37.626,193058.63,169038.38,200545.12,1.56
2016-02-19,37.82,38.45,37.83,37.31,94804.22,0.07,0.18,37.588,37.071,37.587,151183.43,153198.03,195968.53,0.45
2016-02-18,38.35,39.23,37.76,37.64,213465.41,-0.33,-0.87,37.362,36.971,37.66,159204.69,171582.0,204626.8,1.02
2016-02-17,37.59,38.46,38.1,37.48,154500.19,0.27,0.71,37.212,36.714,37.877,152048.1,170936.82,206476.9,0.74
2016-02-16,36.79,38.18,37.85,36.6,176539.06,1.48,4.07,36.852,36.464,38.035,148689.89,177334.39,209834.6,0.85
2016-02-15,35.05,36.84,36.4,35.05,116608.26,-0.33,-0.9,36.656,36.339,38.265,145018.13,189301.91,212504.48,0.56
2016-02-05,37.0,37.32,36.7,36.55,134910.52,-0.32,-0.86,36.554,36.632,38.556,155212.63,191722.18,220635.51,0.65
2016-02-04,36.43,37.46,37.01,36.43,177682.45,0.71,1.96,36.58,36.879,38.991,183959.32,196956.14,229636.28,0.85
2016-02-03,36.35,36.4,36.3,35.6,137709.16,-0.58,-1.57,36.216,37.013,39.311,189825.54,204808.35,224141.01,0.66
2016-02-02,36.06,37.22,36.87,36.06,158180.27,0.97,2.7,36.076,37.355,39.902,205978.88,219456.73,230991.45,0.76
2016-02-01,36.45,36.78,35.89,35.08,167580.73,-0.93,-2.53,36.022,37.757,40.464,233585.68,232051.87,239783.93,0.8
2016-01-29,35.33,37.52,36.83,35.13,278644.0,1.68,4.78,36.71,38.103,41.022,228231.73,238739.02,243076.3,1.34
2016-01-28,35.21,36.7,35.19,34.8,207013.55,-0.48,-1.35,37.178,38.349,41.791,209952.96,237671.6,240525.99,0.99
2016-01-27,36.61,36.84,35.6,34.42,218475.86,-1.02,-2.79,37.81,39.04,42.643,219791.16,242016.97,238070.84,1.05
2016-01-26,38.83,39.0,36.6,36.01,296214.28,-2.72,-6.92,38.634,39.606,43.495,232934.58,242334.82,235470.56,1.42
2016-01-25,39.45,39.88,39.33,38.81,140810.95,0.19,0.48,39.492,40.191,44.267,230518.05,235707.05,231775.71,0.68
2016-01-22,38.98,39.74,39.17,37.91,187250.17,0.83,2.17,39.496,40.479,45.024,249246.32,249548.85,233272.73,0.9
2016-01-21,38.9,40.82,38.35,38.25,256204.52,-1.41,-3.55,39.52,41.103,45.828,265390.23,262316.43,239535.13,1.23
2016-01-20,40.31,40.78,39.72,39.53,284193.0,-1.21,-2.96,40.27,41.609,46.668,264242.79,243473.68,247141.32,1.36
2016-01-19,39.09,41.65,40.89,38.6,284131.59,1.6,4.07,40.578,42.449,47.401,251735.05,242526.18,244021.83,1.36
2016-01-18,38.15,39.99,39.35,38.15,234452.31,0.06,0.15,40.89,43.171,48.075,240896.06,247515.99,253119.3,1.12
2016-01-15,41.38,41.6,39.29,39.0,267969.75,-2.8,-6.65,41.462,43.941,48.702,249851.38,247413.57,257713.95,1.28
2016-01-14,39.8,42.48,42.1,39.58,250467.3,0.85,2.06,42.686,45.232,49.331,259242.62,243380.38,263174.44,1.2
2016-01-13,42.96,43.2,41.26,41.0,221654.31,-1.2,-2.83,42.948,46.246,49.776,222704.56,234124.7,262645.13,1.06
2016-01-12,42.78,43.85,42.45,42.15,229936.64,0.3,0.71,44.32,47.383,50.277,233317.3,228606.31,268554.25,1.1
2016-01-11,44.06,45.47,42.21,41.8,279228.91,-3.17,-6.99,45.452,48.342,50.775,254135.91,227844.37,279841.12,1.34
2016-01-08,45.0,47.89,45.41,43.01,314925.94,1.84,4.22,46.42,49.569,51.048,244975.76,216996.61,277151.56,1.51
2016-01-07,47.0,47.2,43.41,43.4,67777.0,-4.7,-9.77,47.778,50.553,51.185,227518.14,216753.84,277963.13,0.33
2016-01-06,47.7,48.49,48.12,46.7,274718.0,0.06,0.12,49.544,51.726,51.456,245544.84,250808.97,290720.04,1.32
2016-01-05,45.51,48.6,48.11,45.36,334029.69,1.11,2.36,50.446,52.353,51.44,223895.32,245517.49,289705.55,1.6
2016-01-04,51.75,51.77,47.05,46.99,233428.16,-5.16,-9.88,51.232,52.978,51.485,201552.82,258722.62,287958.91,1.12
2015-12-31,52.38,53.55,52.2,52.0,227637.84,-0.02,-0.04,52.718,53.463,51.619,189017.46,268014.33,296094.46,1.09
2015-12-30,52.5,52.55,52.24,51.6,157910.53,-0.39,-0.74,53.328,53.429,51.598,205989.53,282968.5,323640.06,0.76
2015-12-29,52.33,52.98,52.63,51.9,166470.36,0.55,1.06,53.908,53.305,51.439,256073.09,291165.55,347438.12,0.8
2015-12-28,54.51,54.55,52.04,51.99,222317.22,-2.33,-4.29,54.26,53.17,51.04,267139.67,308502.2,350234.84,1.07
2015-12-25,54.68,55.32,54.48,53.75,170751.33,-0.72,-1.3,54.724,53.208,50.638,315892.41,331837.88,352241.17,0.82
2015-12-24,55.0,57.02,55.25,53.8,312498.22,0.08,0.14,54.208,52.526,50.146,347011.21,337306.51,358438.9,1.5
2015-12-23,54.3,57.6,55.14,54.15,408328.34,0.77,1.42,53.53,51.816,49.793,359947.47,339172.42,351817.32,1.96
2015-12-22,54.0,54.7,54.39,53.22,221803.23,0.06,0.11,52.702,51.185,49.469,326258.01,330631.11,339339.85,1.06
2015-12-21,51.4,55.72,54.36,51.19,466080.94,2.47,4.76,52.08,50.526,49.153,349864.74,333893.61,336086.23,2.23
2015-12-18,51.3,54.2,51.9,50.89,326345.31,0.07,0.14,51.692,49.992,48.828,347783.35,317195.2,323395.62,1.56
2015-12-17,51.55,53.49,51.86,51.18,377179.53,0.85,1.67,50.844,49.774,48.617,327601.8,324174.6,316711.15,1.81
2015-12-16,51.5,52.28,51.0,50.55,239881.06,-0.18,-0.35,50.102,49.768,48.439,318397.38,364311.62,308208.8,1.15
2015-12-15,52.0,52.4,51.28,50.5,339836.84,-1.14,-2.17,49.668,49.573,48.24,335004.2,403710.69,308255.17,1.63
2015-12-14,46.78,52.42,52.42,46.62,455674.0,4.77,10.01,48.972,48.911,48.055,317922.47,391967.47,312418.52,2.19
2015-12-11,47.33,48.39,47.66,46.08,225437.58,-0.38,-0.79,48.292,48.069,47.827,286607.05,372644.46,299318.54,1.08
2015-12-10,48.84,51.74,48.15,48.0,331157.41,-1.47,-2.96,48.704,47.766,47.84,320747.39,379571.29,301696.99,1.59
2015-12-09,47.7,50.1,48.83,47.45,322915.19,1.03,2.15,49.434,47.769,47.824,410225.87,364462.22,298132.91,1.55
2015-12-08,48.66,48.8,47.8,47.0,254428.19,-1.25,-2.55,49.478,47.753,47.854,472417.17,348048.59,297392.22,1.22
2015-12-07,49.82,50.2,49.02,48.22,299096.88,-0.64,-1.29,48.85,47.779,47.947,466012.46,338278.86,300753.51,1.43
2015-12-04,50.5,51.12,49.72,49.61,396139.28,-2.09,-4.03,47.846,47.664,47.983,458681.88,329596.04,312167.54,1.9
2015-12-03,49.5,53.7,51.8,48.98,778549.81,2.75,5.61,46.828,47.46,48.007,438395.18,309247.69,318899.53,3.73
2015-12-02,44.3,49.05,49.05,44.0,633871.69,4.46,10.0,46.104,47.111,47.79,318698.57,252105.98,321863.93,3.04
2015-12-01,43.5,45.67,44.66,42.88,222404.66,0.65,1.48,46.028,46.908,47.59,223680.01,212799.65,311103.77,1.07
2015-11-30,45.15,45.19,44.0,42.2,262443.94,-0.59,-1.32,46.708,47.2,47.401,210545.25,232869.57,307130.91,1.26
2015-11-27,47.7,48.28,44.63,44.11,294705.81,-3.43,-7.14,47.482,47.585,47.259,200510.21,225992.62,300819.43,1.41
2015-11-26,49.19,49.96,48.18,47.98,180066.75,-0.5,-1.03,48.092,47.913,47.153,180100.21,223822.69,296218.92,0.86
2015-11-25,47.6,48.95,48.67,47.57,158778.91,0.65,1.35,48.118,47.878,46.84,185513.38,231803.61,296433.04,0.76
2015-11-24,47.59,48.54,48.06,47.02,156730.86,0.12,0.25,47.788,47.954,46.532,201919.29,246735.84,294326.87,0.75
2015-11-23,47.68,49.28,47.87,47.51,212268.7,0.21,0.44,47.692,48.114,46.342,255193.88,263228.15,294664.0,1.02
2015-11-20,48.45,48.55,47.68,47.11,192655.81,-0.61,-1.26,47.688,48.301,46.176,251475.04,294739.03,295937.7,0.92
2015-11-19,47.45,48.32,48.31,46.66,207132.62,1.3,2.77,47.734,48.554,46.021,267545.17,328551.37,296393.01,0.99
2015-11-18,47.56,48.5,47.02,46.6,240808.45,-0.64,-1.34,47.638,48.468,45.78,278093.83,391621.89,296049.8,1.15
2015-11-17,48.4,50.99,47.58,47.56,423103.81,-0.25,-0.52,48.12,48.272,45.569,291552.4,409407.89,299027.59,2.03
2015-11-16,46.6,47.89,47.85,46.37,193674.52,-0.04,-0.08,48.536,47.602,45.295,271262.43,381392.26,284096.74,0.93
2015-11-13,47.33,48.94,47.91,46.93,273006.44,0.08,0.17,48.914,46.933,45.003,338003.03,375646.23,284693.58,1.31
2015-11-12,49.3,49.98,47.83,47.5,259875.95,-1.64,-3.31,49.374,46.392,44.664,389557.56,368615.15,280532.14,1.25
2015-11-11,49.18,49.62,49.43,47.5,308101.28,-0.19,-0.38,49.298,45.801,44.267,505149.94,361062.47,273793.98,1.48
2015-11-10,48.97,52.04,49.66,48.52,321653.97,-0.08,-0.16,48.424,45.11,43.735,527263.37,341917.89,264374.16,1.54
2015-11-09,50.18,52.5,49.74,48.84,527377.5,-0.63,-1.25,46.668,44.569,43.267,491522.09,326099.85,254810.5,2.53
2015-11-06,47.01,51.45,50.21,46.56,530779.12,2.78,5.86,44.952,44.051,42.79,413289.43,297136.37,237854.68,2.55
2015-11-05,45.2,49.57,47.45,45.06,837837.81,2.39,5.3,43.41,43.487,42.208,347672.74,264234.66,219225.94,4.02
2015-11-04,41.29,45.06,45.06,41.25,418668.47,4.1,10.01,42.304,43.092,41.685,216975.01,200477.72,186076.2,2.01
2015-11-03,41.15,42.47,40.88,40.77,142947.53,-0.26,-0.63,41.796,42.865,41.223,156572.41,188647.29,169471.74,0.69
2015-11-02,41.7,42.45,41.16,41.1,136214.23,-1.34,-3.15,42.47,42.988,40.981,160677.62,186801.23,167218.56,0.65
2015-10-30,41.6,43.61,42.5,41.04,202695.66,0.5,1.19,43.15,43.072,40.814,180983.32,193740.94,163190.46,0.97
2015-10-29,42.41,42.66,41.92,41.09,184349.16,-0.6,-1.41,43.564,42.935,40.594,180796.57,192449.13,158086.19,0.88
2015-10-28,43.7,43.8,42.52,42.28,116655.45,-1.77,-4.0,43.88,42.732,40.421,183980.44,186525.49,153756.85,0.56
2015-10-27,44.15,44.5,44.25,42.46,163473.59,-0.36,-0.81,43.934,42.36,40.192,220722.18,186830.43,154409.63,0.78
2015-10-26,45.58,46.58,44.56,44.53,237742.72,-0.01,-0.02,43.506,41.965,39.942,212924.84,183521.15,156023.45,1.14
2015-10-23,43.55,44.97,44.57,42.5,201761.94,1.13,2.6,42.994,41.529,39.587,206498.55,178572.98,149375.49,0.97
2015-10-22,42.05,44.26,43.5,42.0,200268.48,0.81,1.9,42.306,40.929,39.213,204101.7,174217.22,147096.81,0.96
2015-10-21,42.09,45.5,42.79,41.58,300364.16,0.67,1.59,41.584,40.277,38.85,189070.54,171674.68,145821.73,1.44
2015-10-20,41.56,42.26,42.11,40.79,124486.89,0.1,0.24,40.786,39.58,38.557,152938.68,150296.19,139363.39,0.6
2015-10-19,41.13,43.28,42.0,40.51,205611.3,0.87,2.12,40.424,38.974,38.186,154117.46,147635.89,139057.32,0.99
2015-10-16,40.36,41.54,41.13,39.99,189777.66,1.22,3.06,40.064,38.555,37.911,150647.4,132639.98,142608.92,0.91
2015-10-15,38.71,40.05,39.89,38.71,125112.67,1.12,2.89,39.552,38.252,37.699,144332.75,123723.24,138272.52,0.6
2015-10-14,39.68,40.01,38.8,38.7,119704.9,-1.51,-3.75,38.97,38.11,37.546,154278.83,120988.2,138773.87,0.57
2015-10-13,39.94,40.56,40.3,39.12,130380.79,0.1,0.25,38.374,38.024,37.497,147653.69,121988.84,146442.46,0.63
2015-10-12,39.0,41.18,40.2,38.68,188260.98,1.65,4.28,37.524,37.919,37.348,141154.33,128525.76,150399.59,0.9
2015-10-09,37.3,38.6,38.57,36.99,158204.39,1.59,4.3,37.046,37.644,37.125,114632.57,120178.01,149997.23,0.76
2015-10-08,38.2,38.24,36.98,36.39,174843.08,1.15,3.21,36.952,37.497,37.065,103113.74,119976.4,169168.99,0.84
2015-09-30,36.38,36.68,35.82,35.8,86579.21,-0.25,-0.69,37.25,37.423,37.122,87697.58,119968.77,192552.14,0.42
2015-09-29,37.32,37.32,36.05,35.82,97883.97,-1.75,-4.63,37.674,37.534,37.262,96323.98,128430.59,213435.78,0.47
2015-09-28,38.01,38.15,37.81,36.99,55652.2,-0.34,-0.89,38.314,37.397,37.307,115897.19,130478.74,240060.62,0.27
2015-09-25,38.3,39.17,38.1,37.61,100610.23,-0.26,-0.68,38.242,37.266,37.159,125723.45,152577.86,262723.58,0.48
2015-09-24,38.4,38.99,38.47,38.06,97762.29,0.54,1.42,38.042,37.146,36.838,136839.06,152821.8,286732.89,0.47
2015-09-23,38.65,39.1,37.94,37.88,129711.21,-1.35,-3.44,37.596,36.981,36.429,152239.97,156559.54,308309.57,0.62
2015-09-22,37.38,40.18,39.25,37.17,195750.0,1.8,4.81,37.394,36.97,36.187,160537.19,170896.09,320532.44,0.94
2015-09-21,36.77,37.5,37.45,36.31,104783.54,0.29,0.78,36.48,36.776,36.064,145060.3,172273.42,324928.59,0.5
2015-09-18,36.33,37.69,37.1,36.11,156188.27,0.86,2.37,36.29,36.606,36.172,179432.26,179816.45,330685.84,0.75
2015-09-17,36.89,37.78,36.24,36.01,174766.81,-0.72,-1.95,36.25,36.633,36.37,168804.54,218361.57,335050.32,0.84
2015-09-16,34.78,37.3,36.93,34.4,171197.34,2.17,6.24,36.366,36.82,36.61,160879.12,265135.51,343188.54,0.82
2015-09-15,35.63,35.98,34.68,34.51,118365.52,-1.78,-4.88,36.546,36.989,36.931,181254.99,298440.97,345880.87,0.57
2015-09-14,37.05,37.26,36.5,34.8,276643.38,-0.41,-1.11,37.072,37.217,37.437,199486.55,349642.5,349058.78,1.33
2015-09-11,37.11,37.63,36.9,36.69,103049.67,0.06,0.16,36.922,37.051,37.855,180200.63,372869.3,345377.84,0.49
2015-09-10,37.2,37.58,36.82,36.71,135139.69,-1.0,-2.64,37.016,36.529,38.239,267918.6,420643.97,348961.52,0.65
2015-09-09,37.2,38.7,37.83,37.01,273076.69,0.43,1.15,37.274,35.876,38.672,369391.9,460059.6,353786.91,1.31
2015-09-08,35.49,37.5,37.31,35.33,209523.31,1.53,4.28,37.432,35.404,39.105,415626.94,470168.78,357120.04,1.0
2015-09-07,36.9,37.98,35.75,35.7,180213.8,-1.64,-4.39,37.362,35.352,39.438,499798.44,477583.76,358343.88,0.86
2015-09-02,36.1,37.62,37.37,35.88,541639.5,-0.64,-1.68,37.18,35.737,39.782,565537.96,481555.24,355686.32,2.6
2015-09-01,37.5,38.47,38.11,35.56,642506.19,-0.46,-1.19,36.042,36.106,40.076,573369.34,451739.06,336831.91,3.08
2015-08-31,36.0,38.9,38.62,35.48,504251.91,1.7,4.61,34.478,36.399,40.407,550727.3,421241.58,316714.74,2.42
2015-08-28,35.9,37.6,36.96,35.51,630380.81,2.12,6.08,33.376,36.873,40.668,524710.62,393320.77,306884.03,3.02
2015-08-27,32.55,34.84,34.84,31.82,508911.41,3.17,10.01,33.342,37.656,40.969,455369.08,348475.06,298173.88,2.44
2015-08-26,31.0,33.29,31.68,30.07,580796.38,1.37,4.52,34.294,38.658,41.41,397572.51,317886.38,293925.49,2.79
2015-08-25,30.99,33.99,30.29,29.88,529296.0,-2.82,-8.52,36.17,39.948,42.041,330108.78,277279.07,284489.76,2.54
2015-08-24,35.0,35.76,33.11,33.11,374168.5,-3.68,-10.0,38.32,41.467,42.741,291755.85,247514.22,278526.75,1.79
2015-08-21,39.0,39.67,36.79,36.76,283673.12,-2.8,-7.07,40.37,42.805,43.302,261930.91,244071.3,280420.71,1.36
2015-08-20,41.2,41.6,39.6,39.5,219928.53,-1.24,-3.04,41.97,43.524,43.927,241581.05,239104.0,287256.25,1.05
2015-08-19,40.2,41.38,41.06,39.4,243477.77,0.02,0.05,43.022,43.827,44.512,238200.26,229817.4,302996.98,1.17
2015-08-18,43.4,44.93,41.04,40.98,337531.34,-2.3,-5.31,43.726,44.045,44.896,224449.37,221924.75,302975.77,1.62
2015-08-17,44.34,44.34,43.36,42.7,225043.8,-1.42,-3.17,44.614,44.415,45.306,203272.59,212187.9,301431.57,1.08
2015-08-14,45.5,45.5,44.79,44.56,181923.8,-0.06,-0.13,45.24,44.462,45.646,226211.69,220447.29,304097.26,0.87
2015-08-13,44.28,45.2,44.86,44.0,203024.59,0.28,0.63,45.078,44.282,45.963,236626.95,247872.69,310471.46,0.97
2015-08-12,44.88,45.5,44.58,44.49,174723.3,-0.93,-2.04,44.632,44.162,46.188,221434.55,269964.59,312211.44,0.84
2015-08-11,46.0,46.68,45.48,45.08,231647.44,-1.0,-2.15,44.364,44.133,46.436,219400.14,291700.45,320243.98,1.11
2015-08-10,43.98,47.23,46.49,43.71,339739.34,2.5,5.68,44.216,44.015,46.744,221103.22,309539.28,331880.61,1.63
2015-08-07,42.91,44.68,43.98,42.91,234000.06,1.36,3.19,43.684,43.799,47.133,214682.89,316770.12,345649.28,1.12
2015-08-06,42.59,43.68,42.63,42.1,127062.6,-0.61,-1.41,43.486,44.329,47.725,259118.43,335408.5,378937.57,0.61
2015-08-05,44.2,44.74,43.24,43.12,164551.25,-1.51,-3.37,43.692,45.196,48.269,318494.64,376176.55,415908.26,0.79
2015-08-04,43.79,44.97,44.74,42.75,240162.84,0.91,2.08,43.902,45.746,48.626,364000.76,384026.8,429828.23,1.15
2015-08-03,42.2,43.86,43.83,42.1,307637.69,0.83,1.93,43.814,46.197,49.187,397975.34,390675.25,465579.86,1.48
2015-07-31,42.9,43.59,42.99,42.0,456177.75,-0.68,-1.56,43.914,46.829,49.67,418857.35,387747.24,485460.3,2.19
2015-07-30,44.2,46.58,43.66,43.48,423943.66,-0.59,-1.33,45.172,47.644,50.034,411698.58,373070.24,485814.06,2.03
2015-07-29,44.4,45.2,44.29,42.7,392081.88,-0.01,-0.02,46.7,48.214,50.524,433858.46,354458.3,493045.63,1.88
2015-07-28,42.8,45.45,44.3,42.1,410035.72,-0.03,-0.07,47.59,48.739,51.144,404052.83,348787.52,498201.48,1.97
2015-07-27,48.44,48.9,44.33,44.33,412047.72,-4.93,-10.01,48.58,49.473,51.979,383375.15,354221.94,514020.49,1.98
2015-07-24,51.4,51.56,49.28,48.85,420383.94,-2.02,-3.94,49.744,50.467,52.612,356637.12,374528.43,523705.87,2.02
2015-07-23,49.01,51.68,51.3,48.84,534743.06,2.57,5.27,50.116,51.121,52.938,334441.89,422466.63,528835.39,2.56
2015-07-22,48.93,49.66,48.74,48.33,243053.72,-0.5,-1.01,49.728,51.341,53.313,275058.13,455639.97,516316.37,1.17
2015-07-21,49.49,50.4,49.25,48.77,306647.31,-0.89,-1.77,49.888,51.506,53.856,293522.2,475629.66,520546.25,1.47
2015-07-20,51.0,51.54,50.15,49.58,278357.59,-0.99,-1.94,50.366,52.176,54.363,325068.74,540484.47,524112.32,1.33
2015-07-17,49.61,51.5,51.14,49.5,309407.78,1.79,3.63,51.19,52.51,54.65,392419.74,583173.38,525383.95,1.48
2015-07-16,49.58,50.87,49.36,48.01,237824.25,-0.22,-0.44,52.126,52.424,55.04,510491.36,598557.89,525587.11,1.14
2015-07-15,50.6,52.5,49.54,48.8,335374.09,-2.11,-4.08,52.954,52.834,55.674,636221.8,631632.97,526136.25,1.61
2015-07-14,52.93,53.47,51.64,51.0,464379.97,-2.6,-4.79,53.124,53.549,56.278,657737.13,647615.44,524543.43,2.23
2015-07-13,54.0,56.5,54.27,52.88,615112.62,-1.55,-2.78,53.986,54.485,56.82,755900.19,673819.04,518675.82,2.95
2015-07-10,51.5,58.66,55.82,51.0,899765.88,2.24,4.18,53.83,54.757,57.38,773927.01,672883.3,505076.83,4.31
2015-07-09,50.3,55.17,53.5,45.35,866476.44,3.11,6.17,52.722,54.755,57.927,686624.41,635204.15,482396.01,4.15
2015-07-08,50.39,51.47,50.39,50.39,442950.72,-5.6,-10.0,52.714,55.285,58.555,627044.14,576992.77,457866.61,2.12
2015-07-07,52.89,56.49,55.95,48.68,955195.31,2.44,4.56,53.974,56.205,59.411,637493.76,565462.83,465556.51,4.58
2015-07-06,55.0,55.2,53.49,52.0,705246.69,3.13,6.21,54.984,56.549,60.116,591737.88,507740.17,460469.17,3.38
2015-07-03,52.2,55.39,50.28,49.0,463252.91,-3.13,-5.86,55.684,56.79,60.626,571839.59,467594.53,449955.87,2.22
2015-07-02,56.52,58.23,53.46,52.31,568575.06,-3.27,-5.76,56.788,57.656,61.352,583783.89,452616.33,452337.89,2.73
2015-07-01,59.62,60.67,56.69,56.28,495198.81,-4.37,-7.16,57.856,58.515,61.813,526941.41,420639.53,446302.37,2.37
2015-06-30,57.7,62.0,61.0,56.55,726415.94,4.03,7.07,58.436,59.006,62.05,493431.9,401471.42,438238.31,3.48
2015-06-29,57.0,58.95,56.99,51.88,605755.25,1.55,2.8,58.114,59.154,62.101,423742.46,363532.6,423154.89,2.9
2015-06-26,57.0,59.5,55.8,52.71,522974.41,-2.77,-4.73,57.896,60.004,62.192,363349.47,337270.36,414479.52,2.51
2015-06-25,60.16,60.65,58.8,57.03,284362.62,-0.8,-1.34,58.524,61.098,62.381,321448.77,329587.86,414066.94,1.36
2015-06-24,59.5,59.86,59.59,57.76,327651.28,0.07,0.12,59.174,61.825,62.718,314337.66,338740.44,417410.76,1.57
2015-06-23,56.5,59.6,59.39,55.2,377968.75,3.44,6.15,59.576,62.616,63.092,309510.94,365650.19,422207.65,1.81
2015-06-19,58.0,59.5,55.9,55.0,303790.28,-3.02,-5.13,60.194,63.683,63.495,303322.73,413198.16,434623.27,1.46
2015-06-18,61.8,62.06,58.94,58.8,313470.94,-3.12,-5.03,62.112,64.462,63.979,311191.26,432317.22,453983.55,1.5
2015-06-17,62.3,62.6,62.05,60.2,248807.06,0.46,0.75,63.672,65.048,64.112,337726.94,452059.44,455857.46,1.19
2015-06-16,61.5,63.9,61.6,60.88,303517.69,-0.88,-1.41,64.476,65.111,64.083,363143.21,471965.21,466143.3,1.46
2015-06-15,65.15,65.98,62.48,62.3,347027.69,-3.01,-4.6,65.656,65.094,64.105,421789.44,475005.2,483042.49,1.66
2015-06-12,66.52,67.28,65.49,65.0,343132.91,-1.25,-1.87,67.172,65.047,63.934,523073.59,482777.18,483930.14,1.65
2015-06-11,65.9,68.24,66.74,64.38,446149.34,0.67,1.01,66.812,64.379,63.674,553443.17,491688.67,489699.64,2.14
2015-06-10,66.4,67.63,66.07,65.51,375888.44,-1.43,-2.12,66.424,63.664,63.507,566391.95,498546.01,497016.04,1.8
2015-06-09,70.55,70.6,67.5,66.6,596748.81,-2.56,-3.65,65.746,63.611,63.339,580787.2,496081.07,506648.74,2.86
2015-06-08,63.43,70.06,70.06,63.01,853448.44,6.37,10.0,64.532,63.568,63.185,528220.96,478765.1,512403.55,4.09
2015-06-05,66.44,67.0,63.69,62.33,494980.84,-1.11,-1.71,62.922,63.307,62.963,442480.77,456048.38,523506.24,2.37
2015-06-04,62.22,65.3,64.8,59.0,510893.22,2.12,3.38,61.946,63.495,62.819,429934.16,475649.87,534800.96,2.45
2015-06-03,61.5,64.0,62.68,60.5,447864.69,1.25,2.04,60.904,63.175,62.688,430700.08,459655.48,546749.84,2.15
2015-06-02,61.6,61.6,61.43,60.15,333917.62,-0.58,-0.94,61.476,63.054,62.779,411374.95,460321.4,580676.88,1.6
2015-06-01,58.3,62.35,62.01,57.8,424747.47,3.2,5.44,62.604,63.116,62.709,429309.24,491079.78,613469.25,2.04
2015-05-29,60.16,60.46,58.81,57.6,432247.81,-0.78,-1.31,63.692,62.821,62.569,469615.99,485083.11,633126.28,2.07
2015-05-28,65.1,66.01,59.59,59.13,514722.81,-5.95,-9.08,65.044,62.97,62.32,521365.59,487710.62,640435.36,2.47
2015-05-27,66.94,66.96,65.54,64.88,351239.03,-1.53,-2.28,65.446,63.349,61.989,488610.88,495486.07,629448.69,1.68
2015-05-26,68.1,68.35,67.07,65.48,423589.09,-0.38,-0.56,64.632,63.067,61.396,509267.85,517216.41,634672.97,2.03
2015-05-25,66.35,68.49,67.45,65.3,626281.19,1.88,2.87,63.628,62.801,60.719,552850.32,546041.99,629597.29,3.0
2015-05-22,62.0,66.23,65.57,62.0,690995.81,3.97,6.45,61.95,62.619,59.994,500550.23,590964.1,618116.81,3.31
2015-05-21,60.98,62.45,61.6,60.31,350949.28,0.13,0.21,60.896,62.143,59.473,454055.66,593952.04,599388.29,1.68
2015-05-20,62.3,63.35,61.47,60.77,454523.88,-0.58,-0.94,61.252,62.201,59.205,502361.25,633844.2,605060.16,2.18
2015-05-19,58.67,64.15,62.05,58.67,641501.44,2.99,5.06,61.502,62.505,58.831,525164.96,701032.36,597033.54,3.08
2015-05-18,59.0,60.87,59.06,58.49,364780.75,-1.24,-2.06,61.974,62.302,58.359,539233.66,735858.73,583905.96,1.75
2015-05-15,62.15,62.3,60.3,59.91,458522.94,-3.08,-4.86,63.288,62.317,58.175,681377.96,781169.46,587040.11,2.2
2015-05-14,62.2,66.21,63.38,61.9,592477.25,0.66,1.05,63.39,61.67,57.933,733848.43,793160.1,582669.52,2.84
2015-05-13,63.89,65.99,62.72,61.8,568542.44,-1.69,-2.62,63.15,60.628,57.451,765327.15,763411.31,570416.58,2.73
2015-05-12,64.53,66.38,64.41,63.41,711844.94,-1.22,-1.86,63.508,59.726,57.068,876899.76,752129.54,563023.41,3.41
2015-05-11,60.85,66.89,65.63,59.22,1075502.25,4.82,7.93,62.63,58.636,56.694,932483.79,713152.59,550704.37,5.16
2015-05-08,62.98,63.22,60.81,58.88,720875.25,-1.37,-2.2,61.346,57.369,56.307,880960.95,645269.52,517988.91,3.46
2015-05-07,62.0,65.95,62.18,61.5,749870.88,-2.33,-3.61,59.95,56.803,56.098,852471.78,604824.54,515095.99,3.6
2015-05-06,60.6,66.02,64.51,60.0,1126405.5,4.49,7.48,58.106,56.209,55.845,761495.47,576276.12,517507.77,5.4
2015-05-05,60.1,61.87,60.02,57.1,989765.06,0.81,1.37,55.944,55.157,55.402,627359.31,493034.71,485875.71,4.75
2015-05-04,53.82,59.21,59.21,52.98,817888.06,5.38,9.99,54.642,54.415,55.144,493821.4,431953.18,457595.66,3.92
2015-04-30,54.4,55.5,53.83,53.5,578429.38,0.87,1.64,53.392,54.032,54.857,409578.1,392910.76,431100.96,2.77
2015-04-29,53.89,53.89,52.96,50.7,294989.34,-0.74,-1.38,53.656,54.195,54.859,357177.31,372178.93,421304.22,1.41
2015-04-28,53.3,54.6,53.7,52.03,455724.72,0.19,0.35,54.312,54.273,54.862,391056.77,377421.85,432061.1,2.19
2015-04-27,52.97,53.95,53.51,52.78,322075.5,0.55,1.04,54.37,54.41,54.879,358710.1,373917.28,431569.0,1.54
2015-04-24,54.2,54.2,52.96,52.01,396671.56,-2.19,-3.97,54.188,54.752,54.811,370084.97,388256.15,429231.48,1.9
2015-04-23,56.24,56.5,55.15,54.78,316425.44,-1.09,-1.94,54.672,55.244,54.807,376243.41,390708.29,435516.89,1.52
2015-04-22,54.31,56.5,56.24,54.01,464386.62,2.25,4.17,54.734,55.393,54.751,387180.55,425367.44,444213.14,2.23
2015-04-21,52.59,54.6,53.99,52.59,293991.38,1.39,2.64,54.234,55.481,54.758,363786.92,458739.43,447718.99,1.41
2015-04-20,55.9,55.9,52.6,51.98,378949.84,-2.78,-5.02,54.45,55.647,54.815,389124.45,478716.71,451755.03,1.82
2015-04-17,56.35,56.6,55.38,54.93,427463.78,-0.08,-0.14,55.316,55.872,54.925,406427.34,483238.13,462162.74,2.05
2015-04-16,53.01,55.5,55.46,52.68,371111.12,1.72,3.2,55.816,55.682,54.886,405173.16,469291.17,461625.6,1.78
2015-04-15,55.2,55.84,53.74,53.7,347418.5,-1.33,-2.42,56.052,55.523,54.953,463554.34,470429.52,463417.2,1.67
2015-04-14,56.2,56.2,55.07,54.5,420679.03,-1.86,-3.27,56.728,55.45,55.056,553691.94,486700.35,470569.11,2.02
2015-04-13,58.8,58.8,56.93,56.35,465464.25,-0.95,-1.64,56.844,55.347,55.108,568308.96,489220.71,479205.61,2.23
2015-04-10,56.5,58.33,57.88,56.2,421192.91,1.24,2.19,56.428,54.87,54.856,560048.93,470206.82,482476.94,2.02
2015-04-09,58.0,60.04,56.64,56.0,663017.0,-0.48,-0.84,55.548,54.37,54.609,533409.18,480325.5,499754.82,3.18
2015-04-08,55.45,58.48,57.12,54.5,798106.5,1.47,2.64,54.994,54.109,54.198,477304.7,463058.84,490276.13,3.83
2015-04-07,55.19,55.7,55.65,54.12,493764.16,0.8,1.46,54.172,54.035,53.691,419708.76,436698.54,463666.08,2.37
2015-04-03,53.06,54.98,54.85,52.9,424164.09,1.37,2.56,53.85,53.983,53.328,410132.46,424793.36,467133.02,2.03
2015-04-02,54.49,54.49,53.48,53.01,287994.16,-0.39,-0.72,53.312,53.978,52.944,380364.7,441087.34,463090.36,1.38
2015-04-01,54.13,54.99,53.87,53.5,382494.59,0.86,1.62,53.192,54.089,52.771,427241.82,453960.02,470159.29,1.83
2015-03-31,55.5,56.55,53.01,52.78,510126.81,-1.03,-1.91,53.224,54.383,52.554,448812.98,456404.88,468158.88,2.45
2015-03-30,52.58,54.19,54.04,51.65,445882.66,1.88,3.6,53.898,54.662,52.415,453688.33,454437.87,468156.92,2.14
2015-03-27,52.4,52.87,52.16,51.58,275325.28,-0.72,-1.36,54.116,54.868,52.276,439454.26,469190.5,501496.73,1.32
2015-03-26,52.0,55.3,52.88,51.41,522379.75,-1.15,-2.13,54.644,54.842,52.282,501809.99,494747.07,513400.49,2.5
2015-03-25,56.3,56.3,54.03,53.5,490350.38,-2.35,-4.17,54.986,54.847,52.249,480678.22,519184.15,512901.64,2.35
2015-03-24,55.2,57.6,56.38,54.6,534503.56,1.25,2.27,55.542,54.286,52.144,463996.79,517493.42,514228.19,2.56
2015-03-23,54.53,55.95,55.13,54.01,374712.31,0.33,0.6,55.426,53.347,51.879,455187.41,490633.61,512960.98,1.8
2015-03-20,55.3,57.5,54.8,53.77,587103.94,0.21,0.39,55.62,52.673,51.663,498926.74,509472.67,522177.55,2.82
2015-03-19,56.0,56.27,54.59,53.86,416720.91,-2.22,-3.91,55.04,51.911,51.439,487684.14,485093.38,517539.95,2.0
2015-03-18,55.78,56.84,56.81,54.8,406943.25,1.01,1.81,54.708,51.452,51.196,557690.07,486358.56,525295.26,1.95
2015-03-17,56.3,57.4,55.8,55.02,490456.62,-0.3,-0.54,53.03,50.725,50.728,570990.05,479912.87,535157.93,2.35
2015-03-16,51.7,56.49,56.1,51.21,593409.0,4.2,8.09,51.268,50.167,50.267,526079.82,481875.97,539221.69,2.85
2015-03-13,53.0,53.45,51.9,51.06,530890.94,-1.03,-1.95,49.726,49.684,49.684,520018.6,533802.96,533802.96,2.55
2015-03-12,49.2,53.26,52.93,48.32,766750.56,4.51,9.31,48.782,49.438,49.438,482502.61,534126.51,534126.51,3.68
2015-03-11,47.0,50.68,48.42,47.0,473443.12,1.43,3.04,48.196,49.001,49.001,415027.04,505048.51,505048.51,2.27
2015-03-10,47.34,47.5,46.99,46.5,265905.5,-1.4,-2.89,48.42,49.084,49.084,388835.68,509563.56,509563.56,1.28
2015-03-09,46.0,48.99,48.39,44.0,563102.88,1.21,2.56,49.066,49.433,49.433,437672.11,550173.24,550173.24,2.7
2015-03-06,49.76,50.15,47.18,46.8,343311.0,-2.82,-5.64,49.642,49.642,49.642,547587.31,547587.31,547587.31,1.65
2015-03-05,48.97,51.19,50.0,48.76,429372.69,0.46,0.93,50.258,50.258,50.258,598656.39,598656.39,598656.39,2.06
2015-03-04,50.15,50.3,49.54,49.15,342486.34,-0.68,-1.35,50.343,50.343,50.343,655084.29,655084.29,655084.29,1.64
2015-03-03,50.32,51.19,50.22,49.89,510087.66,-1.05,-2.05,50.745,50.745,50.745,811383.27,811383.27,811383.27,2.45
2015-03-02,50.65,51.49,51.27,48.5,1112678.88,-1.37,-2.6,51.27,51.27,51.27,1112678.88,1112678.88,1112678.88,5.34
