,date,open,close,high,low,volume,code
32,2015-02-25,11755.18,11539.7,11755.18,11500.69,152713036.0,sz399001
33,2015-02-26,11526.51,11750.78,11752.01,11470.43,165245772.0,sz399001
34,2015-02-27,11736.29,11757.68,11819.42,11719.66,182015566.0,sz399001
35,2015-03-02,11869.96,11884.02,11955.82,11781.61,241960804.0,sz399001
36,2015-03-03,11800.99,11526.22,11800.99,11515.55,253464630.0,sz399001
37,2015-03-04,11530.93,11655.08,11688.28,11521.7,218303073.0,sz399001
38,2015-03-05,11597.49,11566.39,11628.15,11484.8,224195903.0,sz399001
39,2015-03-06,11600.66,11392.4,11626.11,11381.91,202058642.0,sz399001
40,2015-03-09,11280.02,11533.23,11547.83,11169.05,184948411.0,sz399001
41,2015-03-10,11501.98,11556.65,11649.25,11479.28,195230721.0,sz399001
42,2015-03-11,11554.66,11525.09,11682.54,11491.69,193400967.0,sz399001
43,2015-03-12,11593.69,11635.59,11645.56,11516.25,198461273.0,sz399001
44,2015-03-13,11680.47,11713.61,11751.2,11654.19,179148224.0,sz399001
45,2015-03-16,11791.42,12017.77,12021.82,11748.08,254026630.0,sz399001
46,2015-03-17,12083.44,12169.52,12190.28,12046.8,315381790.0,sz399001
47,2015-03-18,12206.72,12496.24,12505.34,12190.25,322145855.0,sz399001
48,2015-03-19,12549.55,12429.11,12552.71,12337.67,311638344.0,sz399001
49,2015-03-20,12427.41,12544.45,12659.83,12387.89,297874055.0,sz399001
50,2015-03-23,12644.19,12780.32,12813.83,12644.19,322820798.0,sz399001
51,2015-03-24,12841.14,12801.2,12841.45,12495.92,390785341.0,sz399001
52,2015-03-25,12776.0,12757.09,12841.9,12656.52,333240450.0,sz399001
53,2015-03-26,12703.35,12712.98,12856.21,12601.75,307857598.0,sz399001
54,2015-03-27,12779.327,12874.425,12930.242,12930.242,236975839.0,sz399001
55,2015-03-30,12917.14,13193.32,13242.31,12894.49,298051198.0,sz399001
56,2015-03-31,13420.92,13160.66,13538.29,13106.97,317728594.0,sz399001
57,2015-04-01,13187.42,13394.72,13454.81,13142.4,287875627.0,sz399001
58,2015-04-02,13486.89,13426.1,13537.38,13235.28,321767130.0,sz399001
59,2015-04-03,13336.87,13494.64,13502.47,13296.95,326233579.0,sz399001
60,2015-04-07,13626.62,13768.73,13769.76,13625.26,344476953.0,sz399001
61,2015-04-08,13814.98,13841.72,13846.55,13513.14,361429213.0,sz399001
62,2015-04-09,13898.49,13796.73,13914.01,13505.85,346150570.0,sz399001
63,2015-04-10,13718.92,14013.33,14034.31,13650.32,295307916.0,sz399001
64,2015-04-13,14100.35,14149.5,14175.36,13972.41,332808102.0,sz399001
65,2015-04-14,14132.61,14042.46,14221.51,13920.06,326909093.0,sz399001
66,2015-04-15,14023.4,13646.61,14023.4,13646.61,311574168.0,sz399001
67,2015-04-16,13549.87,13967.8,14024.68,13492.77,259650094.0,sz399001
68,2015-04-17,14120.77,14149.34,14249.47,14039.04,334301246.0,sz399001
69,2015-04-20,14132.83,13871.6,14288.33,13814.96,370369416.0,sz399001
70,2015-04-21,13882.44,14439.0,14439.0,13882.44,309272608.0,sz399001
71,2015-04-22,14529.24,14749.13,14756.15,14510.93,363904289.0,sz399001
72,2015-04-23,14842.21,14743.22,14893.01,14647.14,378663766.0,sz399001
73,2015-04-24,14615.54,14598.7,14771.29,14422.54,353165959.0,sz399001
74,2015-04-27,14749.02,14809.42,14910.31,14644.01,345252659.0,sz399001
75,2015-04-28,14946.95,14707.25,14979.81,14580.42,333952855.0,sz399001
76,2015-04-29,14669.22,14871.95,14907.96,14542.32,272506011.0,sz399001
77,2015-04-30,14909.06,14818.64,15009.73,14818.64,276318705.0,sz399001
78,2015-05-04,14846.48,14860.53,14958.79,14714.91,264061794.0,sz399001
79,2015-05-05,14831.91,14233.1,14831.91,14145.5,300637801.0,sz399001
80,2015-05-06,14347.55,14136.17,14569.64,14032.02,266597218.0,sz399001
81,2015-05-07,14080.36,14114.73,14226.08,14027.6,226513292.0,sz399001
82,2015-05-08,14271.46,14481.25,14481.44,14165.07,254235473.0,sz399001
83,2015-05-11,14572.82,14944.88,14946.65,14447.78,317394179.0,sz399001
84,2015-05-12,14975.23,15066.29,15088.96,14879.6,334000961.0,sz399001
85,2015-05-13,15075.02,15173.09,15245.81,14962.38,347022211.0,sz399001
86,2015-05-14,15210.75,15024.47,15299.79,15003.72,337960219.0,sz399001
87,2015-05-15,14955.41,14694.95,14955.41,14590.76,311171360.0,sz399001
88,2015-05-18,14612.88,14672.63,14759.09,14564.73,295493125.0,sz399001
89,2015-05-19,14723.21,15127.38,15173.92,14704.33,318039850.0,sz399001
90,2015-05-20,15206.56,15337.08,15618.13,15206.56,379613287.0,sz399001
91,2015-05-21,15402.95,15872.53,15872.59,15402.95,355766470.0,sz399001
92,2015-05-22,16084.04,16045.8,16191.15,15731.01,436129070.0,sz399001
93,2015-05-25,15894.14,16351.06,16368.91,15810.15,421405387.0,sz399001
94,2015-05-26,16456.23,16903.47,16904.15,16397.5,446921466.0,sz399001
95,2015-05-27,16988.9,16963.52,17061.92,16610.78,444795218.0,sz399001
96,2015-05-28,16953.6,15912.95,17153.8,15909.1,522049636.0,sz399001
97,2015-05-29,15920.33,16100.45,16386.05,15299.65,412437255.0,sz399001
98,2015-06-01,16247.39,16917.53,16921.07,16245.55,364798783.0,sz399001
99,2015-06-02,17051.22,17485.58,17485.58,16963.74,396498446.0,sz399001
100,2015-06-03,17626.92,17538.5,17696.48,17098.43,407201738.0,sz399001
101,2015-06-04,17579.36,17501.05,17608.72,16426.31,401600049.0,sz399001
102,2015-06-05,17727.86,17649.09,17901.86,17302.55,444202411.0,sz399001
103,2015-06-08,17648.72,17452.31,17648.72,17145.7,420823903.0,sz399001
104,2015-06-09,17410.64,17399.0,17609.28,17184.32,347168452.0,sz399001
105,2015-06-10,17297.04,17677.57,17852.36,17165.89,358761346.0,sz399001
106,2015-06-11,17692.9,17889.69,17889.91,17606.43,351087908.0,sz399001
107,2015-06-12,17978.05,18098.27,18198.07,17921.91,385071961.0,sz399001
108,2015-06-15,18182.64,17702.55,18211.76,17668.67,406178348.0,sz399001
109,2015-06-16,17502.37,17075.93,17502.37,16911.91,353020384.0,sz399001
110,2015-06-17,17073.08,17405.57,17474.08,16564.37,312419167.0,sz399001
111,2015-06-18,17367.13,16734.84,17442.77,16709.6,289059707.0,sz399001
112,2015-06-19,16386.98,15725.47,16578.88,15700.49,289646424.0,sz399001
113,2015-06-23,15720.32,16045.99,16047.32,14938.82,292927731.0,sz399001
114,2015-06-24,16178.55,16312.31,16345.75,15867.91,332173442.0,sz399001
115,2015-06-25,16370.0,15692.44,16399.34,15499.22,331715691.0,sz399001
116,2015-06-26,15196.56,14398.79,15229.0,14321.05,294665860.0,sz399001
117,2015-06-29,14703.97,13566.27,14712.16,13250.35,358946932.0,sz399001
118,2015-06-30,13274.64,14337.96,14352.05,12723.16,399540089.0,sz399001
119,2015-07-01,14185.1,13650.82,14696.98,13578.38,348742096.0,sz399001
120,2015-07-02,13655.73,12924.19,13732.49,12727.23,320735082.0,sz399001
121,2015-07-03,12475.61,12246.06,13154.13,11953.08,315536177.0,sz399001
122,2015-07-06,13140.14,12075.77,13140.14,11584.47,396337977.0,sz399001
123,2015-07-07,11660.56,11375.6,11767.66,11282.62,227324024.0,sz399001
124,2015-07-08,10870.14,11040.89,11112.62,10850.38,307328584.0,sz399001
125,2015-07-09,10953.33,11510.34,11513.36,10933.0,207454532.0,sz399001
126,2015-07-10,11733.45,12038.14,12062.9,11696.77,158915229.0,sz399001
127,2015-07-13,12367.62,12614.16,12658.07,12261.25,233849125.0,sz399001
128,2015-07-14,12796.49,12728.51,13091.93,12635.2,285635144.0,sz399001
129,2015-07-15,12783.08,12132.42,12792.31,12093.9,345295414.0,sz399001
130,2015-07-16,11963.35,12357.61,12600.65,11637.47,324294156.0,sz399001
131,2015-07-17,12460.51,13004.96,13097.45,12435.59,307007633.0,sz399001
132,2015-07-20,13115.48,13202.39,13427.86,12942.95,358165176.0,sz399001
133,2015-07-21,13038.15,13315.56,13436.91,12928.13,312415716.0,sz399001
134,2015-07-22,13307.93,13416.54,13482.04,13098.8,334908918.0,sz399001
135,2015-07-23,13432.61,13754.53,13792.37,13356.05,367043495.0,sz399001
136,2015-07-24,13789.31,13518.51,13970.84,13424.18,400855945.0,sz399001
137,2015-07-27,13242.69,12493.05,13579.64,12488.37,364439025.0,sz399001
138,2015-07-28,11986.25,12316.78,12676.27,11719.0,374311038.0,sz399001
139,2015-07-29,12472.28,12823.07,12823.15,12078.32,296488758.0,sz399001
140,2015-07-30,12766.34,12395.92,12988.55,12382.3,299458538.0,sz399001
141,2015-07-31,12228.41,12374.25,12580.96,12213.46,235191524.0,sz399001
142,2015-08-03,12178.57,12161.58,12305.61,11909.0,243737069.0,sz399001
143,2015-08-04,12163.12,12711.56,12711.56,12105.94,261600708.0,sz399001
144,2015-08-05,12694.57,12524.69,12842.31,12447.04,271150796.0,sz399001
145,2015-08-06,12274.72,12421.85,12595.12,12231.89,202229163.0,sz399001
146,2015-08-07,12543.66,12753.05,12769.13,12522.47,251888055.0,sz399001
147,2015-08-10,12877.31,13302.96,13373.3,12821.89,323080729.0,sz399001
148,2015-08-11,13316.89,13323.08,13508.3,13240.09,351829896.0,sz399001
149,2015-08-12,13201.54,13117.1,13396.33,13117.1,285113797.0,sz399001
150,2015-08-13,13069.98,13395.18,13395.18,12962.0,287062466.0,sz399001
151,2015-08-14,13497.16,13445.87,13606.33,13378.59,326795175.0,sz399001
152,2015-08-17,13417.33,13573.9,13585.96,13309.54,326809217.0,sz399001
153,2015-08-18,13608.52,12683.86,13652.54,12634.95,389034910.0,sz399001
154,2015-08-19,12328.6,12960.66,13028.5,12049.92,331748528.0,sz399001
155,2015-08-20,12864.83,12584.58,13040.36,12582.24,283755729.0,sz399001
156,2015-08-21,12355.27,11902.05,12511.42,11891.84,260160790.0,sz399001
157,2015-08-24,11399.66,10970.29,11446.1,10964.09,193829365.0,sz399001
158,2015-08-25,10212.47,10197.94,10529.92,10168.42,218746759.0,sz399001
159,2015-08-26,10199.9,9899.72,10559.24,9776.21,326727168.0,sz399001
160,2015-08-27,10076.09,10254.35,10254.35,9713.99,271961859.0,sz399001
161,2015-08-28,10397.97,10800.0,10826.19,10311.37,315988588.0,sz399001
162,2015-08-31,10706.23,10549.16,10706.23,10398.33,266702560.0,sz399001
163,2015-09-01,10388.5,10162.52,10388.5,9954.58,246291453.0,sz399001
164,2015-09-02,9694.48,10054.8,10319.49,9682.71,259173723.0,sz399001
165,2015-09-07,10121.83,9991.76,10404.22,9933.54,228540561.0,sz399001
166,2015-09-08,9898.63,10320.23,10341.3,9763.95,200427441.0,sz399001
167,2015-09-09,10367.35,10620.13,10702.18,10335.02,311925932.0,sz399001
168,2015-09-10,10449.93,10424.65,10618.87,10406.02,225314180.0,sz399001
169,2015-09-11,10408.41,10463.69,10555.62,10332.41,190465092.0,sz399001
170,2015-09-14,10517.68,9778.23,10544.28,9739.42,240882715.0,sz399001
171,2015-09-15,9533.45,9290.81,9719.66,9259.65,198214440.0,sz399001
172,2015-09-16,9330.75,9890.43,9933.83,9297.2,234801012.0,sz399001
173,2015-09-17,9872.04,9739.89,10147.17,9739.89,273715615.0,sz399001
174,2015-09-18,9806.72,9850.77,9914.58,9691.06,187680991.0,sz399001
175,2015-09-21,9732.12,10176.73,10176.73,9701.33,227167861.0,sz399001
176,2015-09-22,10200.55,10238.69,10357.42,10121.74,263897884.0,sz399001
177,2015-09-23,10071.33,10132.29,10250.45,10040.95,231844020.0,sz399001
178,2015-09-24,10178.1,10238.04,10288.18,10124.13,221491609.0,sz399001
179,2015-09-25,10184.88,9904.76,10249.24,9835.84,226740120.0,sz399001
180,2015-09-28,9919.56,10115.55,10124.31,9796.93,164021031.0,sz399001
181,2015-09-29,9962.58,9949.92,10070.25,9873.78,174480893.0,sz399001
182,2015-09-30,10004.79,9988.25,10048.86,9890.71,149803844.0,sz399001
183,2015-10-08,10332.24,10394.73,10477.21,10265.0,230687958.0,sz399001
184,2015-10-09,10386.81,10540.19,10589.52,10363.98,241885578.0,sz399001
185,2015-10-12,10599.88,10961.36,11069.68,10593.54,341342676.0,sz399001
186,2015-10-13,10885.11,11042.13,11073.0,10850.72,295156225.0,sz399001
187,2015-10-14,10997.08,10901.48,11095.34,10880.11,296102786.0,sz399001
188,2015-10-15,10862.11,11229.38,11229.38,10862.11,308490268.0,sz399001
189,2015-10-16,11301.93,11374.83,11384.24,11172.04,357297284.0,sz399001
190,2015-10-19,11426.52,11391.01,11498.24,11245.01,354363159.0,sz399001
191,2015-10-20,11372.18,11597.08,11597.16,11335.78,328949420.0,sz399001
192,2015-10-21,11592.2,10915.99,11641.89,10872.57,421745957.0,sz399001
193,2015-10-22,10921.18,11305.1,11320.01,10910.88,326831309.0,sz399001
194,2015-10-23,11397.2,11603.46,11653.09,11345.53,378978830.0,sz399001
195,2015-10-26,11765.65,11687.77,11789.02,11534.83,391547485.0,sz399001
196,2015-10-27,11588.94,11758.41,11820.72,11229.1,366332020.0,sz399001
197,2015-10-28,11689.29,11494.35,11834.07,11446.43,341529331.0,sz399001
198,2015-10-29,11565.71,11566.66,11694.78,11406.1,281809603.0,sz399001
199,2015-10-30,11542.01,11546.05,11711.04,11369.39,296335950.0,sz399001
200,2015-11-02,11306.2,11304.88,11637.99,11266.04,274690912.0,sz399001
201,2015-11-03,11341.3,11288.14,11416.84,11200.6,224051317.0,sz399001
202,2015-11-04,11351.25,11884.9,11884.9,11351.25,339438198.0,sz399001
203,2015-11-05,11908.69,11939.81,12091.53,11853.46,429137162.0,sz399001
204,2015-11-06,11952.51,12273.35,12292.42,11952.51,377370580.0,sz399001
205,2015-11-09,12227.41,12453.24,12538.35,12145.06,422232445.0,sz399001
206,2015-11-10,12390.53,12500.53,12597.16,12349.03,400913319.0,sz399001
207,2015-11-11,12509.53,12677.54,12687.2,12445.29,382124837.0,sz399001
208,2015-11-12,12735.5,12635.39,12758.67,12483.34,403545111.0,sz399001
209,2015-11-13,12492.94,12402.04,12574.96,12272.38,362993475.0,sz399001
210,2015-11-16,12180.99,12620.38,12620.38,12171.66,292408242.0,sz399001
211,2015-11-17,12744.79,12511.54,12827.2,12478.97,403496948.0,sz399001
212,2015-11-18,12516.14,12283.76,12580.91,12257.04,306149511.0,sz399001
213,2015-11-19,12326.16,12609.84,12609.84,12309.79,294467430.0,sz399001
214,2015-11-20,12650.25,12702.03,12766.26,12565.8,364726731.0,sz399001
215,2015-11-23,12699.15,12586.69,12806.32,12539.98,362385503.0,sz399001
216,2015-11-24,12580.72,12694.86,12694.86,12438.92,283930675.0,sz399001
217,2015-11-25,12696.13,12893.23,12904.79,12666.19,325415891.0,sz399001
218,2015-11-26,12952.0,12767.5,12970.47,12747.89,349661625.0,sz399001
219,2015-11-27,12697.51,11961.7,12733.45,11880.32,371475176.0,sz399001
220,2015-11-30,11991.7,12037.86,12121.22,11455.5,325215288.0,sz399001
221,2015-12-01,12022.83,12081.17,12206.17,11938.63,270222227.0,sz399001
222,2015-12-02,12068.98,12186.27,12188.01,11830.99,263999913.0,sz399001
223,2015-12-03,12205.44,12447.38,12447.38,12205.44,249532940.0,sz399001
224,2015-12-04,12384.5,12329.18,12474.46,12268.49,268070340.0,sz399001
225,2015-12-07,12351.41,12443.05,12467.85,12262.13,247670389.0,sz399001
226,2015-12-08,12371.11,12164.97,12371.11,12151.15,261043071.0,sz399001
227,2015-12-09,12112.2,12179.83,12257.58,12091.76,232964394.0,sz399001
228,2015-12-10,12180.77,12181.03,12318.04,12158.65,228638942.0,sz399001
229,2015-12-11,12120.59,12134.02,12228.29,12051.44,204665890.0,sz399001
230,2015-12-14,12023.81,12400.59,12400.59,12004.49,214942210.0,sz399001
231,2015-12-15,12412.46,12495.25,12553.79,12412.46,228293822.0,sz399001
232,2015-12-16,12533.11,12511.03,12595.12,12471.09,235451304.0,sz399001
233,2015-12-17,12602.67,12825.48,12825.48,12602.67,328537680.0,sz399001
234,2015-12-18,12825.02,12830.25,12904.08,12763.43,305752699.0,sz399001
235,2015-12-21,12824.43,13028.31,13047.12,12816.71,298490677.0,sz399001
236,2015-12-22,13064.69,13139.12,13139.12,12980.38,288396557.0,sz399001
237,2015-12-23,13142.53,13007.87,13187.05,12974.63,312253260.0,sz399001
238,2015-12-24,12977.25,12932.37,13003.78,12770.36,232550081.0,sz399001
239,2015-12-25,12960.25,12980.57,13012.74,12898.47,214331268.0,sz399001
240,2015-12-28,13025.66,12686.34,13064.5,12686.34,279782357.0,sz399001
241,2015-12-29,12676.61,12806.16,12806.16,12598.11,215009940.0,sz399001
242,2015-12-30,12826.48,12889.83,12899.94,12768.17,231731893.0,sz399001
243,2015-12-31,12893.12,12664.89,12921.71,12664.53,222261748.0,sz399001
244,2016-01-04,12650.72,11630.93,12659.41,11626.48,204855281.0,sz399001
245,2016-01-05,11116.9,11468.06,11687.48,11063.64,294290847.0,sz399001
246,2016-01-06,11520.77,11724.88,11730.48,11413.98,253497236.0,sz399001
247,2016-01-07,11504.9,10760.27,11504.9,10745.47,71661949.0,sz399001
248,2016-01-08,11008.89,10888.91,11121.78,10376.29,285149359.0,sz399001
249,2016-01-11,10656.87,10212.46,10809.57,10212.46,261299240.0,sz399001
250,2016-01-12,10243.57,10293.7,10414.94,10065.09,217637344.0,sz399001
251,2016-01-13,10347.08,9978.82,10435.24,9978.82,208940529.0,sz399001
252,2016-01-14,9678.22,10344.94,10357.95,9668.9,228512680.0,sz399001
253,2016-01-15,10268.95,9997.92,10363.82,9940.89,221160169.0,sz399001
254,2016-01-18,9807.25,10155.96,10273.59,9807.25,193371608.0,sz399001
255,2016-01-19,10137.38,10501.79,10519.67,10105.55,231434581.0,sz399001
256,2016-01-20,10434.36,10366.85,10554.04,10297.82,229661636.0,sz399001
257,2016-01-21,10207.42,9975.97,10475.51,9975.97,210049960.0,sz399001
258,2016-01-22,10095.42,10111.57,10171.92,9837.74,178117791.0,sz399001
259,2016-01-25,10194.75,10192.53,10291.5,10103.65,165141228.0,sz399001
260,2016-01-26,10079.22,9483.55,10104.47,9463.31,213988374.0,sz399001
261,2016-01-27,9525.61,9422.43,9556.83,8986.52,221352705.0,sz399001
262,2016-01-28,9309.87,9082.59,9430.56,9045.5,168852758.0,sz399001
263,2016-01-29,9077.11,9418.2,9491.06,9056.04,180895269.0,sz399001
264,2016-02-01,9389.62,9322.01,9457.43,9196.15,153653484.0,sz399001
265,2016-02-02,9332.69,9610.93,9646.95,9332.69,167598237.0,sz399001
266,2016-02-03,9509.5,9638.87,9679.54,9453.16,158729875.0,sz399001
267,2016-02-04,9667.91,9793.07,9844.02,9667.91,179719335.0,sz399001
268,2016-02-05,9802.25,9673.48,9830.08,9670.02,147328675.0,sz399001
269,2016-02-15,9385.52,9668.84,9725.18,9385.52,137361527.0,sz399001
270,2016-02-16,9727.76,10045.37,10071.02,9727.76,200401244.0,sz399001
271,2016-02-17,10043.69,10161.77,10178.55,9982.17,230764905.0,sz399001
272,2016-02-18,10231.26,10116.4,10273.63,10099.1,237235768.0,sz399001
273,2016-02-19,10091.67,10162.32,10225.99,10066.04,190410945.0,sz399001
274,2016-02-22,10290.05,10370.99,10371.14,10239.58,235950816.0,sz399001
275,2016-02-23,10374.36,10299.67,10397.52,10171.67,227973806.0,sz399001
276,2016-02-24,10256.39,10307.63,10355.32,10100.5,222308175.0,sz399001
277,2016-02-25,10290.96,9551.08,10290.96,9510.1,270406679.0,sz399001
278,2016-02-26,9625.37,9573.7,9676.24,9392.67,208500408.0,sz399001
279,2016-02-29,9528.72,9097.36,9528.72,9000.89,208654406.0,sz399001
280,2016-03-01,9116.56,9322.0,9384.31,9011.51,210109005.0,sz399001
281,2016-03-02,9308.49,9766.37,9781.91,9308.49,269773490.0,sz399001
282,2016-03-03,9770.74,9762.01,9946.93,9749.0,288666936.0,sz399001
283,2016-03-04,9721.22,9536.71,9797.56,9447.11,260496578.0,sz399001
284,2016-03-07,9642.25,9703.83,9805.37,9614.69,198685981.0,sz399001
285,2016-03-08,9690.57,9732.73,9732.73,9348.76,230994060.0,sz399001
286,2016-03-09,9525.25,9523.14,9672.49,9466.49,180320840.0,sz399001
287,2016-03-10,9526.19,9390.35,9600.23,9382.16,151024903.0,sz399001
288,2016-03-11,9286.53,9363.41,9430.95,9254.24,127013351.0,sz399001
289,2016-03-14,9466.42,9665.13,9763.37,9466.42,206576985.0,sz399001
290,2016-03-15,9636.63,9574.19,9677.48,9536.27,171548456.0,sz399001
291,2016-03-16,9629.82,9469.03,9661.93,9418.55,158569567.0,sz399001
292,2016-03-17,9515.63,9791.85,9820.99,9511.71,232923912.0,sz399001
293,2016-03-18,9841.04,10126.59,10170.69,9833.11,318038488.0,sz399001
294,2016-03-21,10255.9,10394.14,10394.14,10234.65,338114653.0,sz399001
295,2016-03-22,10308.91,10344.08,10435.13,10254.69,279156473.0,sz399001
296,2016-03-23,10317.93,10442.38,10442.38,10277.25,247866735.0,sz399001
297,2016-03-24,10346.56,10283.68,10473.22,10263.56,270355878.0,sz399001
298,2016-03-25,10256.41,10339.68,10371.52,10223.16,209957241.0,sz399001
299,2016-03-28,10399.17,10276.84,10494.2,10248.27,239851383.0,sz399001
300,2016-03-29,10259.71,10094.71,10279.0,10024.06,207050074.0,sz399001
301,2016-03-30,10187.64,10445.69,10445.69,10187.64,230625507.0,sz399001
302,2016-03-31,10494.52,10455.37,10552.58,10426.45,250739233.0,sz399001
303,2016-04-01,10410.68,10379.65,10442.3,10224.37,215708421.0,sz399001
304,2016-04-05,10393.65,10640.27,10656.15,10373.54,262935835.0,sz399001
305,2016-04-06,10604.23,10683.86,10696.03,10570.14,261054408.0,sz399001
306,2016-04-07,10719.27,10504.88,10743.23,10504.88,266086471.0,sz399001
307,2016-04-08,10425.01,10413.54,10457.01,10288.8,222155688.0,sz399001
308,2016-04-11,10513.87,10609.59,10667.04,10513.87,245676237.0,sz399001
309,2016-04-12,10600.79,10533.41,10624.59,10430.31,217142978.0,sz399001
310,2016-04-13,10599.21,10684.92,10810.41,10599.21,310650978.0,sz399001
311,2016-04-14,10741.65,10771.61,10771.96,10651.92,240663855.0,sz399001
312,2016-04-15,10774.49,10733.63,10784.6,10680.74,218468768.0,sz399001
313,2016-04-18,10665.44,10568.93,10665.44,10508.98,208783393.0,sz399001
314,2016-04-19,10618.83,10602.46,10649.25,10531.54,188697189.0,sz399001
315,2016-04-20,10632.07,10164.74,10647.09,10011.57,304527921.0,sz399001
316,2016-04-21,10120.11,10058.8,10242.36,10049.35,213752856.0,sz399001
317,2016-04-22,9995.12,10151.76,10151.76,9976.04,170672532.0,sz399001
318,2016-04-25,10122.13,10106.79,10137.75,9986.39,154085290.0,sz399001
319,2016-04-26,10095.96,10209.9,10209.9,10076.74,151350986.0,sz399001
320,2016-04-27,10221.83,10174.16,10279.09,10159.5,169442964.0,sz399001
321,2016-04-28,10178.24,10149.91,10198.95,9990.67,169807425.0,sz399001
322,2016-04-29,10111.61,10141.54,10196.92,10100.18,140358941.0,sz399001
323,2016-05-03,10144.15,10441.92,10441.92,10105.8,203638722.0,sz399001
324,2016-05-04,10401.67,10422.8,10498.32,10389.77,205626889.0,sz399001
325,2016-05-05,10403.55,10474.01,10480.22,10372.22,180871153.0,sz399001
326,2016-05-06,10473.3,10100.54,10501.43,10100.54,259249729.0,sz399001
327,2016-05-09,10018.51,9790.48,10018.51,9747.87,201947423.0,sz399001
328,2016-05-10,9770.3,9793.21,9836.98,9738.52,136891204.0,sz399001
329,2016-05-11,9848.32,9781.15,9904.53,9743.08,154095615.0,sz399001
330,2016-05-12,9664.28,9796.58,9801.2,9544.12,156009502.0,sz399001
331,2016-05-13,9769.13,9759.27,9880.69,9710.17,142455929.0,sz399001
332,2016-05-16,9729.79,9910.08,9910.08,9690.33,149063783.0,sz399001
333,2016-05-17,9918.43,9908.79,10007.38,9839.86,177572077.0,sz399001
334,2016-05-18,9835.58,9694.78,9835.58,9591.18,177671442.0,sz399001
335,2016-05-19,9684.12,9733.74,9847.21,9684.12,156519127.0,sz399001
336,2016-05-20,9657.75,9816.75,9816.75,9628.98,149982321.0,sz399001
337,2016-05-23,9839.78,9918.16,9937.83,9839.76,168995988.0,sz399001
338,2016-05-24,9903.17,9821.7,9903.17,9765.65,155743075.0,sz399001
339,2016-05-25,9883.94,9784.6,9930.81,9756.52,151806991.0,sz399001
340,2016-05-26,9766.08,9826.14,9826.14,9605.45,166070295.0,sz399001
341,2016-05-27,9798.34,9813.63,9878.74,9775.22,159719982.0,sz399001
342,2016-05-30,9756.87,9768.84,9847.7,9681.24,138615551.0,sz399001
343,2016-05-31,9786.0,10159.93,10159.93,9786.0,255837041.0,sz399001
344,2016-06-01,10184.23,10209.14,10284.36,10177.21,265378467.0,sz399001
345,2016-06-02,10192.51,10274.03,10274.03,10181.18,231725611.0,sz399001
346,2016-06-03,10275.94,10344.91,10412.95,10258.02,251444675.0,sz399001
347,2016-06-06,10383.45,10363.08,10403.8,10296.18,208363866.0,sz399001
348,2016-06-07,10365.81,10347.84,10371.87,10297.42,199520844.0,sz399001
349,2016-06-08,10330.18,10316.82,10372.98,10232.13,208133522.0,sz399001
350,2016-06-13,10190.78,9862.58,10256.62,9862.58,233249786.0,sz399001
351,2016-06-14,9830.55,9895.15,9927.59,9795.94,169160286.0,sz399001
352,2016-06-15,9790.88,10173.85,10215.61,9779.11,229617522.0,sz399001
353,2016-06-16,10154.18,10115.12,10199.52,10090.23,234661826.0,sz399001
354,2016-06-17,10135.38,10182.53,10261.96,10113.95,226520285.0,sz399001
355,2016-06-20,10183.77,10221.85,10241.91,10101.63,199578495.0,sz399001
356,2016-06-21,10285.04,10131.86,10357.18,10093.15,234898490.0,sz399001
357,2016-06-22,10108.96,10297.98,10297.98,10104.88,197126765.0,sz399001
358,2016-06-23,10288.47,10255.27,10312.61,10183.01,217227974.0,sz399001
359,2016-06-24,10235.04,10147.7,10315.35,9901.9,270946439.0,sz399001
360,2016-06-27,10090.05,10377.57,10377.57,10090.05,234958792.0,sz399001
361,2016-06-28,10330.12,10463.45,10475.76,10309.23,268308772.0,sz399001
362,2016-06-29,10499.91,10460.97,10527.69,10434.24,249559901.0,sz399001
363,2016-06-30,10474.93,10489.99,10509.99,10435.53,223147002.0,sz399001
364,2016-07-01,10506.22,10458.43,10555.95,10436.6,204800603.0,sz399001
365,2016-07-04,10369.69,10609.86,10631.57,10362.85,254107837.0,sz399001
366,2016-07-05,10598.42,10602.77,10626.02,10546.7,263764213.0,sz399001
367,2016-07-06,10567.67,10641.65,10641.65,10538.1,249830742.0,sz399001
368,2016-07-07,10612.23,10620.58,10662.7,10526.81,280981989.0,sz399001
369,2016-07-08,10613.71,10611.8,10672.92,10560.31,226836468.0,sz399001
370,2016-07-11,10633.62,10594.82,10734.34,10587.96,262658134.0,sz399001
371,2016-07-12,10583.17,10757.84,10757.84,10487.55,283692404.0,sz399001
372,2016-07-13,10794.5,10853.55,10890.02,10772.83,285320795.0,sz399001
373,2016-07-14,10834.9,10854.13,10866.44,10786.49,235098210.0,sz399001
374,2016-07-15,10854.5,10823.21,10869.07,10774.54,225067263.0,sz399001
375,2016-07-18,10793.17,10762.0,10835.3,10708.74,218879292.0,sz399001
376,2016-07-19,10753.87,10778.25,10783.22,10661.39,200363644.0,sz399001
377,2016-07-20,10775.56,10759.86,10818.95,10740.59,201056494.0,sz399001
378,2016-07-21,10758.33,10787.21,10872.34,10746.88,215917939.0,sz399001
379,2016-07-22,10782.24,10709.07,10801.47,10700.11,209978877.0,sz399001
380,2016-07-25,10684.55,10718.36,10778.73,10668.64,193466392.0,sz399001
381,2016-07-26,10714.75,10852.21,10852.21,10713.7,189431004.0,sz399001
382,2016-07-27,10858.7,10405.85,10873.26,10289.96,319061880.0,sz399001
383,2016-07-28,10386.83,10396.3,10481.69,10262.3,218537287.0,sz399001
384,2016-07-29,10384.4,10329.43,10411.13,10294.5,168147010.0,sz399001
385,2016-08-01,10289.88,10185.48,10290.05,10086.64,171711755.0,sz399001
386,2016-08-02,10173.34,10250.54,10250.54,10157.85,128236281.0,sz399001
387,2016-08-03,10229.47,10281.25,10295.76,10205.98,150021879.0,sz399001
388,2016-08-04,10272.71,10366.5,10376.21,10235.7,166288110.0,sz399001
389,2016-08-05,10368.8,10342.28,10420.42,10333.32,159042497.0,sz399001
390,2016-08-08,10315.0,10468.88,10468.88,10259.3,168014421.0,sz399001
391,2016-08-09,10466.04,10564.78,10564.78,10457.82,184955211.0,sz399001
392,2016-08-10,10558.49,10511.16,10594.77,10510.91,187720194.0,sz399001
393,2016-08-11,10496.43,10390.96,10526.35,10390.96,180178480.0,sz399001
394,2016-08-12,10373.05,10528.1,10528.1,10364.47,169956756.0,sz399001
395,2016-08-15,10556.4,10822.11,10862.96,10552.95,285306872.0,sz399001
396,2016-08-16,10845.62,10882.95,10913.22,10845.07,261239933.0,sz399001
397,2016-08-17,10879.99,10890.69,10936.58,10832.78,239624650.0,sz399001
398,2016-08-18,10873.65,10879.2,10946.74,10834.01,254258444.0,sz399001
399,2016-08-19,10865.38,10872.71,10911.77,10819.8,215165098.0,sz399001
400,2016-08-22,10869.06,10731.4,10894.84,10731.2,214013050.0,sz399001
401,2016-08-23,10720.5,10750.29,10793.37,10680.1,189050806.0,sz399001
402,2016-08-24,10751.35,10760.44,10815.26,10732.92,183005005.0,sz399001
403,2016-08-25,10694.34,10679.15,10699.25,10564.36,200663095.0,sz399001
404,2016-08-26,10703.32,10693.75,10785.0,10675.6,187552255.0,sz399001
405,2016-08-29,10690.95,10724.4,10757.26,10682.26,167850183.0,sz399001
406,2016-08-30,10732.77,10729.12,10787.32,10713.75,165372533.0,sz399001
407,2016-08-31,10730.55,10757.88,10776.32,10679.65,173134785.0,sz399001
408,2016-09-01,10759.75,10669.51,10765.51,10669.51,179543238.0,sz399001
409,2016-09-02,10666.1,10640.42,10727.88,10592.08,164618268.0,sz399001
410,2016-09-05,10682.71,10695.45,10756.43,10674.96,163252496.0,sz399001
411,2016-09-06,10714.54,10861.5,10861.5,10623.99,216823933.0,sz399001
412,2016-09-07,10860.12,10838.71,10903.64,10827.25,232756176.0,sz399001
413,2016-09-08,10830.05,10851.19,10863.96,10795.87,183177097.0,sz399001
414,2016-09-09,10855.29,10762.79,10877.09,10762.79,195540111.0,sz399001
415,2016-09-12,10578.78,10461.58,10619.89,10460.51,219043242.0,sz399001
416,2016-09-13,10519.02,10514.58,10545.2,10460.13,163278434.0,sz399001
417,2016-09-14,10466.83,10454.24,10519.96,10425.69,152682919.0,sz399001
418,2016-09-19,10476.63,10557.25,10570.58,10476.63,142375087.0,sz399001
419,2016-09-20,10563.04,10544.53,10563.73,10520.08,146374595.0,sz399001
420,2016-09-21,10543.38,10583.4,10600.68,10538.94,144124352.0,sz399001
421,2016-09-22,10644.71,10662.21,10697.39,10634.46,171457113.0,sz399001
422,2016-09-23,10670.59,10609.7,10679.82,10607.86,165681597.0,sz399001
423,2016-09-26,10588.35,10392.7,10588.51,10392.7,179917734.0,sz399001
424,2016-09-27,10375.35,10476.97,10476.97,10352.02,148382851.0,sz399001
425,2016-09-28,10490.04,10467.16,10492.93,10436.12,128838324.0,sz399001
426,2016-09-29,10477.04,10512.25,10553.01,10477.04,137601784.0,sz399001
427,2016-09-30,10504.29,10567.58,10590.37,10499.47,128139198.0,sz399001
428,2016-10-10,10612.21,10741.69,10741.69,10584.7,185281398.0,sz399001
429,2016-10-11,10743.41,10782.31,10782.31,10727.45,194247878.0,sz399001
430,2016-10-12,10751.43,10788.59,10792.12,10733.31,182306704.0,sz399001
431,2016-10-13,10784.74,10787.49,10818.04,10757.49,188185774.0,sz399001
432,2016-10-14,10774.37,10759.68,10774.37,10692.07,178955421.0,sz399001
433,2016-10-17,10770.34,10651.5,10783.67,10624.82,191944732.0,sz399001
434,2016-10-18,10637.69,10797.02,10797.02,10637.69,191065156.0,sz399001
435,2016-10-19,10811.27,10757.92,10824.41,10733.69,201237047.0,sz399001
436,2016-10-20,10763.46,10784.33,10802.66,10752.92,195500610.0,sz399001
437,2016-10-21,10783.56,10748.9,10802.54,10678.12,200917345.0,sz399001
438,2016-10-24,10755.49,10842.64,10871.16,10740.18,210372712.0,sz399001
439,2016-10-25,10846.76,10871.5,10871.66,10841.2,206162612.0,sz399001
440,2016-10-26,10871.24,10817.51,10871.24,10793.63,218186117.0,sz399001
441,2016-10-27,10805.8,10788.97,10808.14,10745.28,178155812.0,sz399001
442,2016-10-28,10783.28,10711.04,10836.77,10710.93,192463069.0,sz399001
443,2016-10-31,10685.36,10704.3,10719.04,10630.3,164562202.0,sz399001
444,2016-11-01,10714.82,10796.14,10797.06,10706.87,177627271.0,sz399001
445,2016-11-02,10771.35,10692.65,10785.11,10686.94,208026614.0,sz399001
446,2016-11-03,10662.16,10743.96,10804.26,10655.14,233632510.0,sz399001
447,2016-11-04,10737.91,10702.57,10784.84,10684.47,204276926.0,sz399001
448,2016-11-07,10704.26,10695.18,10729.99,10663.56,205824951.0,sz399001
449,2016-11-08,10734.07,10763.13,10785.88,10722.36,200168038.0,sz399001
450,2016-11-09,10768.86,10697.11,10785.09,10575.16,246924730.0,sz399001
451,2016-11-10,10777.1,10821.66,10848.98,10777.1,242295173.0,sz399001
452,2016-11-11,10823.93,10878.14,10878.14,10792.83,281999653.0,sz399001
453,2016-11-14,10855.98,10907.53,10952.61,10847.82,285351576.0,sz399001
454,2016-11-15,10910.15,10958.1,10958.1,10877.4,240766643.0,sz399001
455,2016-11-16,10970.7,10968.08,10998.92,10956.87,250475998.0,sz399001
456,2016-11-17,10942.1,10945.42,10961.8,10887.51,212322310.0,sz399001
457,2016-11-18,10946.88,10889.11,10963.66,10876.91,198971205.0,sz399001
458,2016-11-21,10877.08,10899.92,10955.44,10861.81,201748812.0,sz399001
459,2016-11-22,10910.42,10985.6,10985.6,10910.42,224188412.0,sz399001
460,2016-11-23,11011.0,10973.8,11041.52,10952.0,244814755.0,sz399001
461,2016-11-24,10960.64,10967.47,11030.12,10947.27,227850065.0,sz399001
462,2016-11-25,10966.36,11036.53,11036.53,10830.4,220609305.0,sz399001
463,2016-11-28,11078.77,11068.87,11108.87,11045.68,219691307.0,sz399001
464,2016-11-29,11039.62,11034.7,11124.81,11026.3,227891910.0,sz399001
465,2016-11-30,11023.66,11012.19,11072.06,10983.18,194226942.0,sz399001
466,2016-12-01,11037.11,11088.16,11090.93,11036.61,188491900.0,sz399001
467,2016-12-02,11074.54,10912.63,11078.29,10905.39,206628260.0,sz399001
468,2016-12-05,10776.12,10784.33,10894.08,10762.85,182669355.0,sz399001
469,2016-12-06,10798.8,10779.77,10833.81,10774.36,153386453.0,sz399001
470,2016-12-07,10780.21,10855.72,10855.72,10751.2,165389029.0,sz399001
471,2016-12-08,10865.22,10812.3,10865.22,10804.74,168931223.0,sz399001
472,2016-12-09,10802.18,10789.62,10835.91,10766.56,165299252.0,sz399001
473,2016-12-12,10774.59,10302.85,10775.57,10292.54,243139859.0,sz399001
474,2016-12-13,10280.44,10332.28,10364.06,10192.13,176990954.0,sz399001
475,2016-12-14,10318.07,10232.82,10333.66,10213.95,172728071.0,sz399001
476,2016-12-15,10202.24,10256.11,10331.98,10195.0,168623828.0,sz399001
477,2016-12-16,10258.64,10334.76,10346.53,10239.21,166599293.0,sz399001
478,2016-12-19,10330.61,10283.16,10330.61,10262.69,158432013.0,sz399001
479,2016-12-20,10275.44,10245.33,10276.63,10204.02,151266617.0,sz399001
480,2016-12-21,10266.19,10313.57,10320.34,10266.19,154183581.0,sz399001
481,2016-12-22,10310.72,10306.92,10323.07,10257.32,145831033.0,sz399001
482,2016-12-23,10304.63,10199.86,10311.39,10196.72,147891048.0,sz399001
483,2016-12-26,10163.51,10233.42,10233.42,10062.37,142659195.0,sz399001
484,2016-12-27,10229.91,10230.57,10270.98,10221.67,135860512.0,sz399001
485,2016-12-28,10229.01,10187.16,10246.77,10169.8,138421446.0,sz399001
486,2016-12-29,10177.03,10159.45,10222.52,10151.28,129922632.0,sz399001
487,2016-12-30,10175.5,10177.14,10204.09,10145.11,131023309.0,sz399001
488,2017-01-03,10205.14,10262.85,10275.13,10205.14,142799563.0,sz399001
489,2017-01-04,10264.43,10384.87,10384.87,10255.75,176261631.0,sz399001
490,2017-01-05,10382.6,10371.47,10396.9,10365.44,172154778.0,sz399001
491,2017-01-06,10362.85,10289.36,10363.12,10286.52,167935200.0,sz399001
492,2017-01-09,10281.31,10331.79,10337.7,10258.37,154048486.0,sz399001
493,2017-01-10,10327.01,10306.34,10357.14,10301.69,158569769.0,sz399001
494,2017-01-11,10294.3,10215.48,10331.37,10213.86,151352790.0,sz399001
495,2017-01-12,10207.43,10131.23,10236.09,10127.42,146913493.0,sz399001
496,2017-01-13,10135.68,10008.3,10155.22,9997.4,145844255.0,sz399001
497,2017-01-16,9993.56,9712.8,9993.56,9482.84,193278313.0,sz399001
498,2017-01-17,9684.53,9826.79,9827.91,9611.19,141204617.0,sz399001
499,2017-01-18,9801.08,9804.76,9858.79,9774.75,119205325.0,sz399001
500,2017-01-19,9781.64,9768.57,9821.22,9746.3,114572016.0,sz399001
501,2017-01-20,9763.04,9906.14,9925.17,9762.78,126388534.0,sz399001
502,2017-01-23,9919.41,9976.19,10010.08,9919.41,133303955.0,sz399001
503,2017-01-24,9972.61,9941.55,9978.27,9928.08,124810347.0,sz399001
504,2017-01-25,9931.62,9977.96,9991.5,9922.49,110843863.0,sz399001
505,2017-01-26,9989.85,10052.05,10053.36,9989.35,103735008.0,sz399001
506,2017-02-03,10061.29,10004.84,10066.7,9985.3,98785051.0,sz399001
507,2017-02-06,10004.22,10078.73,10080.58,9984.64,125749176.0,sz399001
508,2017-02-07,10072.51,10055.57,10093.67,10011.77,140322344.0,sz399001
509,2017-02-08,10043.61,10130.12,10130.12,10003.92,151350136.0,sz399001
510,2017-02-09,10124.45,10182.73,10194.42,10116.45,174402073.0,sz399001
511,2017-02-10,10184.57,10186.38,10212.48,10155.36,188956974.0,sz399001
512,2017-02-13,10188.71,10270.83,10279.12,10187.09,181903477.0,sz399001
513,2017-02-14,10273.09,10264.92,10286.37,10234.37,161967542.0,sz399001
514,2017-02-15,10259.95,10177.25,10294.77,10160.11,184658833.0,sz399001
515,2017-02-16,10175.12,10253.96,10253.96,10163.24,164691735.0,sz399001
516,2017-02-17,10261.09,10197.92,10296.14,10183.38,180830329.0,sz399001
517,2017-02-20,10203.02,10329.0,10334.59,10203.02,179115372.0,sz399001
518,2017-02-21,10338.87,10405.75,10407.14,10330.29,189263542.0,sz399001
519,2017-02-22,10403.92,10444.38,10444.38,10385.1,193841710.0,sz399001
520,2017-02-23,10439.83,10432.64,10454.16,10379.05,199633230.0,sz399001
521,2017-02-24,10423.64,10443.73,10446.5,10396.75,175696703.0,sz399001
522,2017-02-27,10443.3,10353.55,10447.68,10345.47,172898967.0,sz399001
523,2017-02-28,10354.87,10391.34,10402.28,10340.09,155309885.0,sz399001
524,2017-03-01,10387.63,10418.62,10446.38,10378.12,180173213.0,sz399001
525,2017-03-02,10429.98,10367.31,10443.87,10362.0,176616284.0,sz399001
526,2017-03-03,10339.89,10397.05,10404.87,10308.22,164749827.0,sz399001
527,2017-03-06,10406.23,10522.28,10522.28,10406.23,177216437.0,sz399001
528,2017-03-07,10527.83,10552.14,10552.14,10495.5,177394882.0,sz399001
529,2017-03-08,10549.99,10498.31,10549.99,10473.88,160875187.0,sz399001
530,2017-03-09,10484.28,10421.06,10484.68,10402.36,160817698.0,sz399001
531,2017-03-10,10415.38,10451.01,10476.59,10415.38,147274867.0,sz399001
532,2017-03-13,10450.65,10559.88,10559.88,10402.72,165493243.0,sz399001
533,2017-03-14,10561.5,10531.73,10577.48,10515.52,161398251.0,sz399001
534,2017-03-15,10515.59,10543.01,10551.71,10499.85,156591444.0,sz399001
535,2017-03-16,10573.77,10624.42,10628.18,10573.77,186118485.0,sz399001
536,2017-03-17,10632.04,10515.41,10650.46,10514.67,203748860.0,sz399001
537,2017-03-20,10512.89,10532.33,10534.11,10459.74,169294749.0,sz399001
538,2017-03-21,10527.41,10586.62,10586.62,10513.63,159544449.0,sz399001
539,2017-03-22,10535.67,10553.53,10586.48,10488.63,182058906.0,sz399001
540,2017-03-23,10558.34,10583.04,10607.73,10477.57,187160450.0,sz399001
541,2017-03-24,10584.09,10646.72,10666.12,10580.11,184858717.0,sz399001
542,2017-03-27,10643.45,10581.92,10660.23,10578.75,179075534.0,sz399001
543,2017-03-28,10580.16,10563.29,10606.09,10538.02,158398982.0,sz399001
544,2017-03-29,10573.12,10520.82,10585.88,10497.01,184996191.0,sz399001
545,2017-03-30,10505.39,10348.27,10513.88,10328.95,209544968.0,sz399001
546,2017-03-31,10351.33,10428.72,10428.72,10351.33,159483669.0,sz399001
547,2017-04-05,10496.78,10627.13,10628.6,10496.78,201581475.0,sz399001
548,2017-04-06,10649.84,10656.17,10661.77,10608.13,191080341.0,sz399001
549,2017-04-07,10652.4,10669.48,10702.88,10635.08,205033818.0,sz399001
550,2017-04-10,10663.86,10603.28,10664.1,10593.76,239514798.0,sz399001
551,2017-04-11,10601.0,10655.79,10662.5,10476.66,267357218.0,sz399001
552,2017-04-12,10643.48,10587.31,10667.6,10584.69,256381432.0,sz399001
553,2017-04-13,10578.58,10654.08,10678.78,10571.7,204943492.0,sz399001
554,2017-04-14,10662.25,10519.86,10662.53,10515.37,218503359.0,sz399001
555,2017-04-17,10483.96,10450.86,10505.63,10406.52,194167310.0,sz399001
556,2017-04-18,10449.01,10411.44,10522.85,10405.35,184273714.0,sz399001
557,2017-04-19,10377.28,10348.41,10393.73,10235.0,198709924.0,sz399001
558,2017-04-20,10346.99,10359.09,10411.75,10306.39,173467314.0,sz399001
559,2017-04-21,10357.86,10314.35,10407.77,10300.4,144536330.0,sz399001
560,2017-04-24,10285.04,10091.89,10285.04,10060.11,160107275.0,sz399001
561,2017-04-25,10106.9,10165.21,10213.49,10104.55,154064364.0,sz399001
562,2017-04-26,10162.72,10204.84,10251.7,10161.42,165358358.0,sz399001
563,2017-04-27,10174.25,10229.19,10244.08,10015.89,204587982.0,sz399001
564,2017-04-28,10208.13,10234.65,10235.23,10176.08,164498840.0,sz399001
565,2017-05-02,10205.66,10223.97,10228.7,10166.39,157896045.0,sz399001
566,2017-05-03,10208.6,10184.14,10244.35,10146.26,168065054.0,sz399001
567,2017-05-04,10164.81,10147.44,10241.54,10116.01,176138250.0,sz399001
568,2017-05-05,10119.54,10024.44,10132.92,10024.44,166209868.0,sz399001
569,2017-05-08,10000.95,9833.17,10018.57,9833.17,164437303.0,sz399001
570,2017-05-09,9794.81,9885.34,9887.15,9736.14,138953189.0,sz399001
571,2017-05-10,9875.74,9756.81,9945.61,9756.81,156193417.0,sz399001
572,2017-05-11,9704.88,9776.45,9776.51,9566.42,173360794.0,sz399001
573,2017-05-12,9755.87,9787.99,9794.99,9703.1,140962776.0,sz399001
574,2017-05-15,9812.38,9845.6,9866.07,9812.38,133036246.0,sz399001
575,2017-05-16,9819.71,10046.66,10046.66,9761.35,187821149.0,sz399001
576,2017-05-17,10030.36,10030.11,10091.47,10019.36,192083349.0,sz399001
577,2017-05-18,9955.86,9974.35,10045.68,9936.31,160236016.0,sz399001
578,2017-05-19,9978.5,9970.96,10005.71,9922.76,143486594.0,sz399001
579,2017-05-22,9958.29,9899.65,10014.94,9864.95,157600498.0,sz399001
580,2017-05-23,9878.38,9763.78,9914.5,9761.31,169709216.0,sz399001
581,2017-05-24,9722.04,9812.46,9812.46,9609.41,144757481.0,sz399001
582,2017-05-25,9792.09,9893.78,9917.81,9727.51,174125956.0,sz399001
583,2017-05-26,9871.68,9859.23,9913.48,9838.7,155697181.0,sz399001
584,2017-05-31,9944.12,9864.84,9976.65,9855.3,156911394.0,sz399001
585,2017-06-01,9833.83,9730.33,9854.55,9730.06,155204548.0,sz399001
586,2017-06-02,9708.72,9794.89,9811.58,9637.54,148352069.0,sz399001
587,2017-06-05,9799.81,9842.6,9866.34,9799.65,134634243.0,sz399001
588,2017-06-06,9834.54,9915.92,9915.92,9821.13,128153122.0,sz399001
589,2017-06-07,9915.18,10109.88,10117.06,9910.53,195081975.0,sz399001
590,2017-06-08,10104.59,10148.72,10162.48,10097.66,181596476.0,sz399001
591,2017-06-09,10147.02,10177.45,10182.61,10124.94,163669953.0,sz399001
592,2017-06-12,10144.12,10119.99,10197.1,10108.98,157412979.0,sz399001
593,2017-06-13,10104.71,10224.82,10237.4,10102.5,154654986.0,sz399001
594,2017-06-14,10208.84,10151.53,10226.15,10138.82,161572507.0,sz399001
595,2017-06-15,10140.08,10221.69,10225.05,10134.41,178519213.0,sz399001
596,2017-06-16,10212.98,10191.24,10233.8,10176.86,157560167.0,sz399001
597,2017-06-19,10191.98,10262.8,10262.8,10191.87,147909480.0,sz399001
598,2017-06-20,10281.57,10288.53,10323.0,10273.06,173672936.0,sz399001
599,2017-06-21,10327.13,10367.17,10367.17,10269.32,165176341.0,sz399001
600,2017-06-22,10361.34,10265.2,10418.61,10265.2,189652241.0,sz399001
601,2017-06-23,10249.79,10366.78,10366.78,10196.39,170980622.0,sz399001
602,2017-06-26,10377.22,10537.59,10537.59,10377.22,177259321.0,sz399001
603,2017-06-27,10532.57,10535.36,10548.8,10479.35,160497026.0,sz399001
604,2017-06-28,10507.05,10451.57,10517.94,10436.08,153786203.0,sz399001
605,2017-06-29,10460.38,10511.86,10523.52,10459.94,149470642.0,sz399001
606,2017-06-30,10475.22,10529.61,10537.5,10454.88,144071841.0,sz399001
607,2017-07-03,10531.73,10535.05,10541.86,10464.68,156423480.0,sz399001
608,2017-07-04,10527.77,10474.83,10527.77,10437.4,160742635.0,sz399001
609,2017-07-05,10443.03,10561.09,10561.09,10434.68,169332084.0,sz399001
610,2017-07-06,10547.51,10562.06,10574.11,10467.91,201012912.0,sz399001
611,2017-07-07,10526.78,10563.72,10564.31,10504.1,194723547.0,sz399001
612,2017-07-10,10542.55,10505.6,10574.21,10497.39,212700249.0,sz399001
613,2017-07-11,10488.89,10467.71,10568.37,10467.12,187942448.0,sz399001
614,2017-07-12,10465.87,10453.19,10494.25,10360.1,188731005.0,sz399001
615,2017-07-13,10444.78,10466.1,10491.39,10431.5,172243647.0,sz399001
616,2017-07-14,10445.57,10427.79,10452.94,10382.37,160920967.0,sz399001
617,2017-07-17,10383.22,10055.8,10384.05,10006.38,244580369.0,sz399001
618,2017-07-18,10012.91,10103.76,10103.76,9960.56,176032349.0,sz399001
619,2017-07-19,10079.68,10295.58,10296.29,10064.31,214222046.0,sz399001
620,2017-07-20,10288.89,10366.98,10392.06,10282.28,204421598.0,sz399001
621,2017-07-21,10354.54,10364.82,10406.25,10342.72,178586161.0,sz399001
622,2017-07-24,10352.85,10404.22,10414.07,10341.24,197173779.0,sz399001
623,2017-07-25,10398.25,10353.21,10421.21,10317.92,179706470.0,sz399001
624,2017-07-26,10365.61,10297.34,10380.7,10247.54,193380940.0,sz399001
625,2017-07-27,10284.92,10395.19,10416.55,10216.02,250613394.0,sz399001
626,2017-07-28,10381.31,10437.94,10456.41,10371.39,206511224.0,sz399001
627,2017-07-31,10438.23,10505.04,10517.33,10418.83,236531806.0,sz399001
628,2017-08-01,10496.71,10525.35,10529.9,10472.71,232970565.0,sz399001
629,2017-08-02,10526.0,10469.34,10557.47,10461.95,248436844.0,sz399001
630,2017-08-03,10454.01,10436.17,10507.23,10403.59,225187414.0,sz399001
631,2017-08-04,10426.53,10361.23,10450.69,10360.83,237518210.0,sz399001
632,2017-08-07,10353.15,10451.08,10451.08,10347.5,193367327.0,sz399001
633,2017-08-08,10448.87,10496.25,10516.61,10437.85,229013342.0,sz399001
634,2017-08-09,10487.77,10544.59,10548.06,10455.27,213354598.0,sz399001
635,2017-08-10,10525.15,10480.64,10582.16,10417.08,218979910.0,sz399001
636,2017-08-11,10407.33,10291.35,10459.91,10281.63,223525987.0,sz399001
637,2017-08-14,10308.97,10519.8,10519.8,10308.97,202632800.0,sz399001
638,2017-08-15,10527.54,10559.78,10559.78,10502.52,190194917.0,sz399001
639,2017-08-16,10550.42,10600.78,10625.34,10504.07,217126112.0,sz399001
640,2017-08-17,10601.65,10653.73,10658.16,10583.4,223714450.0,sz399001
641,2017-08-18,10586.35,10614.08,10636.15,10563.26,198016866.0,sz399001
642,2017-08-21,10624.81,10689.77,10689.77,10624.81,186784564.0,sz399001
643,2017-08-22,10689.65,10653.98,10699.05,10631.25,191559878.0,sz399001
644,2017-08-23,10642.22,10619.34,10662.83,10583.18,170980408.0,sz399001
645,2017-08-24,10617.74,10552.96,10627.34,10537.78,162184457.0,sz399001
646,2017-08-25,10556.54,10659.01,10671.71,10556.54,174530307.0,sz399001
647,2017-08-28,10678.35,10809.74,10866.36,10678.35,233005683.0,sz399001
648,2017-08-29,10796.54,10762.37,10818.22,10742.13,209014711.0,sz399001
649,2017-08-30,10762.24,10813.93,10825.89,10762.24,205631843.0,sz399001
650,2017-08-31,10823.31,10816.64,10837.39,10759.79,193759152.0,sz399001
651,2017-09-01,10822.49,10880.56,10880.56,10807.77,236753576.0,sz399001
652,2017-09-04,10882.13,10962.85,10969.57,10859.36,253945574.0,sz399001
653,2017-09-05,10958.2,10986.95,10995.53,10928.86,226193446.0,sz399001
654,2017-09-06,10959.31,11024.59,11036.89,10939.26,236870137.0,sz399001
655,2017-09-07,11030.6,10969.13,11059.47,10966.54,251504933.0,sz399001
656,2017-09-08,10961.7,10970.77,11011.11,10911.82,219333801.0,sz399001
657,2017-09-11,10979.72,11053.73,11053.73,10963.62,228236917.0,sz399001
658,2017-09-12,11063.85,11043.61,11131.95,11019.87,297519757.0,sz399001
659,2017-09-13,11040.1,11091.49,11091.49,11015.74,217492360.0,sz399001
660,2017-09-14,11091.97,11070.49,11124.54,11033.82,237594677.0,sz399001
661,2017-09-15,11058.1,11063.1,11105.02,11022.25,227737866.0,sz399001
662,2017-09-18,11062.43,11153.53,11154.75,11062.43,206122108.0,sz399001
663,2017-09-19,11160.42,11083.9,11181.18,11055.24,213063878.0,sz399001
664,2017-09-20,11083.85,11191.13,11191.13,11083.21,220593840.0,sz399001
665,2017-09-21,11187.88,11098.34,11199.19,11098.34,221588625.0,sz399001
666,2017-09-22,11067.11,11069.82,11085.43,11025.89,194211957.0,sz399001
667,2017-09-25,11054.26,10930.67,11056.66,10911.03,183699677.0,sz399001
668,2017-09-26,10915.66,10950.77,10951.14,10890.92,167782382.0,sz399001
669,2017-09-27,10951.96,11036.78,11063.13,10951.88,170431974.0,sz399001
670,2017-09-28,11029.47,11031.42,11072.56,11015.48,182851295.0,sz399001
671,2017-09-29,11042.72,11087.19,11121.44,11042.72,181068376.0,sz399001
672,2017-10-09,11248.35,11264.27,11305.46,11214.9,216678335.0,sz399001
673,2017-10-10,11260.77,11329.51,11329.51,11229.02,214431770.0,sz399001
674,2017-10-11,11319.46,11312.5,11344.59,11285.92,229886296.0,sz399001
675,2017-10-12,11309.36,11307.33,11337.12,11240.66,198752460.0,sz399001
676,2017-10-13,11312.27,11399.09,11400.05,11308.04,195039498.0,sz399001
677,2017-10-16,11401.87,11271.2,11422.93,11267.27,236289539.0,sz399001
678,2017-10-17,11254.41,11275.34,11318.0,11214.82,157441909.0,sz399001
679,2017-10-18,11277.54,11282.75,11323.26,11240.63,178797229.0,sz399001
680,2017-10-19,11275.31,11189.55,11290.72,11179.19,182603706.0,sz399001
681,2017-10-20,11154.93,11238.88,11238.88,11140.34,144399784.0,sz399001
682,2017-10-23,11239.69,11306.31,11306.31,11228.68,154500822.0,sz399001
683,2017-10-24,11289.02,11339.13,11339.13,11260.68,156281937.0,sz399001
684,2017-10-25,11330.75,11437.21,11437.21,11324.17,160022018.0,sz399001
685,2017-10-26,11430.0,11461.29,11509.02,11413.93,183886110.0,sz399001
686,2017-10-27,11456.57,11444.52,11484.91,11415.37,176979283.0,sz399001
687,2017-10-30,11446.79,11312.61,11472.28,11192.18,223352109.0,sz399001
688,2017-10-31,11293.34,11367.62,11368.19,11274.17,155987092.0,sz399001
689,2017-11-01,11370.52,11350.32,11424.48,11341.07,162985100.0,sz399001
690,2017-11-02,11336.48,11292.42,11337.01,11251.81,181190253.0,sz399001
691,2017-11-03,11287.55,11215.19,11334.68,11165.06,179760266.0,sz399001
692,2017-11-06,11218.04,11373.74,11373.74,11181.29,178683569.0,sz399001
693,2017-11-07,11374.09,11467.97,11467.97,11370.99,193616573.0,sz399001
694,2017-11-08,11460.15,11447.4,11563.82,11441.8,210038868.0,sz399001
695,2017-11-09,11443.54,11553.24,11553.24,11414.2,186042368.0,sz399001
696,2017-11-10,11540.55,11645.05,11659.65,11531.59,204295219.0,sz399001
697,2017-11-13,11657.63,11695.0,11714.98,11631.19,212922501.0,sz399001
698,2017-11-14,11689.94,11582.92,11700.73,11538.34,218041044.0,sz399001
699,2017-11-15,11548.0,11462.11,11583.97,11390.3,179370221.0,sz399001
700,2017-11-16,11442.85,11537.96,11549.08,11415.75,180035277.0,sz399001
701,2017-11-17,11519.92,11292.93,11555.87,11292.93,236670399.0,sz399001
702,2017-11-20,11229.58,11437.55,11437.55,11087.53,183784980.0,sz399001
703,2017-11-21,11419.09,11602.1,11602.1,11407.4,201203936.0,sz399001
704,2017-11-22,11598.04,11560.8,11666.13,11454.26,196786361.0,sz399001
705,2017-11-23,11520.04,11175.47,11520.04,11162.53,196371019.0,sz399001
706,2017-11-24,11135.07,11168.39,11225.2,11058.99,159697129.0,sz399001
707,2017-11-27,11126.78,10954.18,11126.78,10936.14,164559024.0,sz399001
708,2017-11-28,10938.4,11091.14,11091.14,10936.4,146029309.0,sz399001
709,2017-11-29,11095.91,11082.13,11108.45,10936.99,173222706.0,sz399001
710,2017-11-30,11036.75,10944.1,11079.93,10908.7,150778315.0,sz399001
711,2017-12-01,10941.87,11013.15,11077.43,10926.77,148449124.0,sz399001
712,2017-12-04,11007.19,11014.55,11099.83,10993.51,157333821.0,sz399001
713,2017-12-05,10988.07,10854.75,11044.18,10801.4,177587758.0,sz399001
714,2017-12-06,10838.04,10911.33,10911.33,10716.29,158824714.0,sz399001
715,2017-12-07,10886.26,10801.25,10925.2,10795.84,135430809.0,sz399001
716,2017-12-08,10789.17,10935.06,10964.79,10789.17,146228435.0,sz399001
717,2017-12-11,10962.18,11143.26,11143.26,10962.18,158546559.0,sz399001
718,2017-12-12,11145.75,11043.21,11176.58,11043.21,150996403.0,sz399001
719,2017-12-13,11030.02,11143.89,11143.89,11019.59,133789343.0,sz399001
720,2017-12-14,11138.46,11110.18,11165.61,11070.98,145975597.0,sz399001
721,2017-12-15,11092.15,10998.12,11104.82,10970.73,157212224.0,sz399001
722,2017-12-18,10991.11,10960.12,11046.1,10916.19,133860385.0,sz399001
723,2017-12-19,10964.14,11074.99,11077.18,10963.79,130291597.0,sz399001
724,2017-12-20,11072.41,11003.33,11079.13,10988.89,140075895.0,sz399001
725,2017-12-21,10988.77,11118.25,11149.04,10935.22,150891800.0,sz399001
726,2017-12-22,11112.73,11094.16,11154.75,11078.26,129119659.0,sz399001
727,2017-12-25,11102.16,11005.5,11132.59,10967.37,147971068.0,sz399001
728,2017-12-26,11002.34,11021.83,11025.1,10900.64,139956796.0,sz399001
729,2017-12-27,11007.44,10911.21,11026.73,10911.21,154718700.0,sz399001
730,2017-12-28,10907.83,10974.01,11029.08,10891.75,159818717.0,sz399001
731,2017-12-29,10984.86,11040.45,11040.62,10971.64,139772319.0,sz399001
732,2018-01-02,11079.64,11178.05,11178.05,11072.87,163737774.0,sz399001
733,2018-01-03,11181.18,11280.3,11316.46,11171.12,198404750.0,sz399001
734,2018-01-04,11270.91,11341.35,11341.35,11259.46,180376491.0,sz399001
735,2018-01-05,11339.57,11342.85,11372.29,11310.29,187950133.0,sz399001
736,2018-01-08,11343.82,11382.72,11386.04,11287.6,203604071.0,sz399001
737,2018-01-09,11371.93,11447.09,11449.6,11358.13,184081836.0,sz399001
738,2018-01-10,11439.22,11437.08,11446.41,11345.1,196342709.0,sz399001
739,2018-01-11,11411.58,11464.2,11482.81,11372.36,189897902.0,sz399001
740,2018-01-12,11459.46,11461.99,11496.53,11420.26,186021470.0,sz399001
741,2018-01-15,11453.33,11307.46,11476.58,11277.31,224433734.0,sz399001
742,2018-01-16,11283.6,11386.91,11402.46,11283.29,192863411.0,sz399001
743,2018-01-17,11366.6,11303.97,11367.16,11185.92,213515921.0,sz399001
744,2018-01-18,11287.64,11319.91,11375.11,11279.42,155610115.0,sz399001
745,2018-01-19,11314.46,11296.27,11393.04,11276.57,183429288.0,sz399001
746,2018-01-22,11289.86,11513.08,11513.08,11273.69,181074818.0,sz399001
747,2018-01-23,11514.56,11555.25,11564.95,11493.74,174188769.0,sz399001
748,2018-01-24,11548.21,11607.57,11613.96,11456.26,210735223.0,sz399001
749,2018-01-25,11588.38,11552.56,11633.46,11548.68,213762239.0,sz399001
750,2018-01-26,11524.7,11557.82,11605.13,11512.94,175611738.0,sz399001
751,2018-01-29,11547.68,11352.72,11556.65,11323.69,199666078.0,sz399001
752,2018-01-30,11319.97,11278.78,11370.0,11260.31,157973243.0,sz399001
753,2018-01-31,11210.06,11159.68,11244.18,11119.32,194794973.0,sz399001
754,2018-02-01,11145.41,10864.34,11171.36,10836.35,224818677.0,sz399001
755,2018-02-02,10794.13,10925.16,10933.16,10663.54,184626569.0,sz399001
756,2018-02-05,10761.08,10836.25,10873.24,10741.85,148705223.0,sz399001
757,2018-02-06,10603.54,10377.61,10685.16,10377.61,196877410.0,sz399001
758,2018-02-07,10563.31,10246.97,10599.54,10173.66,185364908.0,sz399001
759,2018-02-08,10219.39,10372.59,10411.2,10219.21,154429802.0,sz399001
760,2018-02-09,10096.46,10001.23,10172.78,9868.83,193571354.0,sz399001
761,2018-02-12,10059.86,10291.88,10325.68,10059.86,144996154.0,sz399001
762,2018-02-13,10367.68,10362.43,10486.81,10350.17,142167333.0,sz399001
763,2018-02-14,10381.16,10431.91,10433.09,10319.15,100082438.0,sz399001
764,2018-02-22,10547.81,10658.94,10667.8,10526.98,136170478.0,sz399001
